study,study_label,mode,subset,tail_fraction,pairs,care_mean,best_comparator_mean,aggregate_gain_pct,mean_instance_gain_pct,median_instance_gain_pct,wins,ties,losses,aggregate_gain_ci95_low,aggregate_gain_ci95_high,tail_minus_rest_ci95_low,tail_minus_rest_ci95_high
unit,"Unit cost, h/a in {0.25, 0.5}",connected,all,1.0,5400,490.9601851851852,474.92148148148146,3.3771274471881663,2.3102807571649415,0.8968790218790219,3159,1025,1216,,,,
unit,"Unit cost, h/a in {0.25, 0.5}",connected,lowest_quintile,0.2,1080,410.037962962963,390.84537037037035,4.910533435359743,3.3319271360500973,0.5649717514124294,621,341,118,4.5834127124040975,5.189251155450299,1.4688539495901094,2.143588718800864
unit,"Unit cost, h/a in {0.25, 0.5}",connected,lowest_decile,0.1,540,391.8388888888889,371.3777777777778,5.509514121589287,3.722514502129946,0.690779014308426,308,185,47,4.918761124803024,5.769597224409392,1.6789507879148153,2.5971042813276175
unit,"Unit cost, h/a in {0.25, 0.5}",dominating,all,1.0,5400,533.0833333333334,518.3274074074075,2.846834976319834,2.241535359906,0.6530616596829053,3526,1064,810,,,,
unit,"Unit cost, h/a in {0.25, 0.5}",dominating,lowest_quintile,0.2,1080,452.0814814814815,434.69444444444446,3.9998295950752993,2.903073186784227,0.625,663,335,82,3.7932723804233666,4.237913232392456,1.156310258904859,1.6421520871953244
unit,"Unit cost, h/a in {0.25, 0.5}",dominating,lowest_decile,0.1,540,431.5722222222222,413.1,4.471610317652419,3.1828008015934857,0.6220975232198143,325,179,36,3.953202922707906,4.56207694087896,1.2053405840244387,1.8550500856131225
radio,"Radio, h/a_ref = 0.5, dwell-matched control included",connected,all,1.0,450,1126.5311111111112,1140.5133333333333,-1.2259586813734846,-1.3509079514121953,-1.264267121655837,165,16,269,,,,
radio,"Radio, h/a_ref = 0.5, dwell-matched control included",connected,lowest_quintile,0.2,90,891.8888888888889,885.6,0.7101274716450945,0.18887672766282576,-0.05306328982828376,39,5,46,-0.8959895399097608,1.3291400641424955,0.47452466601485027,2.91594396188523
radio,"Radio, h/a_ref = 0.5, dwell-matched control included",connected,lowest_decile,0.1,45,827.4888888888889,820.9777777777778,0.7930922477263014,0.5211284715822866,0.0,19,4,22,-0.8615946934617702,1.8118140103750562,0.4092107278921281,3.252357834041657
radio,"Radio, h/a_ref = 0.5, dwell-matched control included",dominating,all,1.0,450,235.82444444444445,245.16222222222223,-3.8088159314014325,3.215396838327668,0.0,212,18,220,,,,
radio,"Radio, h/a_ref = 0.5, dwell-matched control included",dominating,lowest_quintile,0.2,90,193.48888888888888,170.53333333333333,13.461037268699494,20.17928149922507,12.701514411333658,59,5,26,5.186931883776509,16.672879917817802,10.929371627013738,23.614445954926897
radio,"Radio, h/a_ref = 0.5, dwell-matched control included",dominating,lowest_decile,0.1,45,176.33333333333334,154.0888888888889,14.436111912316129,20.044649761967026,15.873015873015873,31,4,10,6.043483784435386,19.253146183168983,10.66293122533183,24.805936240689856
