mode,subset,comparator,pairs,care_mean,comparator_mean,aggregate_gain_pct,mean_difference,mean_difference_ci95_low,mean_difference_ci95_high,wins,ties,losses,rank_biserial,p_raw_exploratory
connected,all,published-form oracle,450,1126.5311111111112,1108.8733333333332,1.5924071079153501,17.657777777777778,9.846499999999999,25.536444444444445,236,13,201,0.1559407751063185,0.004730650572977704
connected,all,MS-RG-WT-DW,450,1126.5311111111112,1116.7022222222222,0.8801709796305124,9.828888888888889,2.916277777777778,16.471166666666665,252,16,182,0.20534985963239577,0.00020966219219214677
connected,all,oracle including dwell control,450,1126.5311111111112,1140.5133333333333,-1.2259586813734846,-13.982222222222223,-20.073444444444444,-7.751055555555555,165,16,269,-0.29345833995444676,1.1727740230083921e-07
connected,lowest_decile,published-form oracle,45,827.4888888888889,795.2888888888889,4.048843187660678,32.2,8.066666666666666,60.467222222222226,25,3,17,0.3521594684385382,0.046783230642636876
connected,lowest_decile,MS-RG-WT-DW,45,827.4888888888889,798.9333333333333,3.5742100578549207,28.555555555555557,9.888333333333334,46.08888888888889,26,5,14,0.5646341463414634,0.0018572862343274983
connected,lowest_decile,oracle including dwell control,45,827.4888888888889,820.9777777777778,0.7930922477263014,6.511111111111111,-10.71111111111111,22.846666666666675,19,4,22,0.0975609756097561,0.5862058176212916
dominating,all,published-form oracle,450,235.82444444444445,223.86444444444444,5.342518786170203,11.96,5.2035,18.984944444444455,261,14,175,0.20504692125207313,0.00020708082949811462
dominating,all,MS-RG-WT-DW,450,235.82444444444445,224.91333333333333,4.851251346197549,10.911111111111111,3.552777777777778,17.937944444444447,270,20,160,0.23527761290670696,2.360157326855892e-05
dominating,all,oracle including dwell control,450,235.82444444444445,245.16222222222223,-3.8088159314014325,-9.337777777777777,-16.122333333333334,-2.6575555555555543,212,18,220,-0.10998845265588915,0.04758694972108744
dominating,lowest_decile,published-form oracle,45,176.33333333333334,144.51111111111112,22.020605874211906,31.822222222222223,19.354444444444443,45.955555555555556,33,4,8,0.718931475029036,6.044286966542397e-05
dominating,lowest_decile,MS-RG-WT-DW,45,176.33333333333334,135.37777777777777,30.25279054497705,40.955555555555556,20.79888888888889,65.87,36,3,6,0.7419712070874862,2.7981568620648097e-05
dominating,lowest_decile,oracle including dwell control,45,176.33333333333334,154.0888888888889,14.436111912316129,22.244444444444444,10.577777777777778,34.15666666666667,31,4,10,0.5853658536585366,0.0010893829800387588
