mode,design,topology,n,target_degree,seed,algorithm,lifetime,optimum,ratio_to_optimum,optimal,upper_bound,candidate_sets,heuristic_runtime_s,exact_runtime_s,milp_status,valid,selection_policy
dominating,0,barabasi_albert,22,3,2792999952,D-EAA-ER,11,12,0.9166666666666666,False,13.0,157,0.002910561001044698,10.173692031999963,0,True,low calibration heuristic/bound utilization
dominating,0,barabasi_albert,22,3,2792999952,DWG,11,12,0.9166666666666666,False,13.0,157,0.012049229999320232,10.173692031999963,0,True,low calibration heuristic/bound utilization
dominating,0,barabasi_albert,22,3,2792999952,MS-RG-WT,10,12,0.8333333333333334,False,13.0,157,0.019613079000919242,10.173692031999963,0,True,low calibration heuristic/bound utilization
dominating,0,barabasi_albert,22,3,2792999952,CARE-DS,11,12,0.9166666666666666,False,13.0,157,0.01839344799918763,10.173692031999963,0,True,low calibration heuristic/bound utilization
dominating,1,watts_strogatz,22,6,260906790,D-EAA-ER,23,26,0.8846153846153846,False,27.0,1634,0.0036884960009047063,24.830145205000008,0,True,low calibration heuristic/bound utilization
dominating,1,watts_strogatz,22,6,260906790,DWG,24,26,0.9230769230769231,False,27.0,1634,0.003775776000111364,24.830145205000008,0,True,low calibration heuristic/bound utilization
dominating,1,watts_strogatz,22,6,260906790,MS-RG-WT,24,26,0.9230769230769231,False,27.0,1634,0.03735216700079036,24.830145205000008,0,True,low calibration heuristic/bound utilization
dominating,1,watts_strogatz,22,6,260906790,CARE-DS,23,26,0.8846153846153846,False,27.0,1634,0.04353988799994113,24.830145205000008,0,True,low calibration heuristic/bound utilization
dominating,2,barabasi_albert,22,3,1378229411,D-EAA-ER,12,12,1.0,True,14.0,649,0.0023662829989916645,12.994166503000088,0,True,low calibration heuristic/bound utilization
dominating,2,barabasi_albert,22,3,1378229411,DWG,11,12,0.9166666666666666,False,14.0,649,0.0027395670003897976,12.994166503000088,0,True,low calibration heuristic/bound utilization
dominating,2,barabasi_albert,22,3,1378229411,MS-RG-WT,10,12,0.8333333333333334,False,14.0,649,0.019940625999879558,12.994166503000088,0,True,low calibration heuristic/bound utilization
dominating,2,barabasi_albert,22,3,1378229411,CARE-DS,12,12,1.0,True,14.0,649,0.025909277999744518,12.994166503000088,0,True,low calibration heuristic/bound utilization
dominating,3,watts_strogatz,22,6,3204751680,D-EAA-ER,24,25,0.96,False,28.0,1144,0.003728235000380664,19.887316718000875,0,True,low calibration heuristic/bound utilization
dominating,3,watts_strogatz,22,6,3204751680,DWG,21,25,0.84,False,28.0,1144,0.0035512819995346945,19.887316718000875,0,True,low calibration heuristic/bound utilization
dominating,3,watts_strogatz,22,6,3204751680,MS-RG-WT,24,25,0.96,False,28.0,1144,0.0397186199988937,19.887316718000875,0,True,low calibration heuristic/bound utilization
dominating,3,watts_strogatz,22,6,3204751680,CARE-DS,24,25,0.96,False,28.0,1144,0.04417500599993218,19.887316718000875,0,True,low calibration heuristic/bound utilization
dominating,4,watts_strogatz,22,2,3946487045,D-EAA-ER,6,6,1.0,True,7.0,1711,0.0009831690003920812,14.667744611999296,0,True,low calibration heuristic/bound utilization
dominating,4,watts_strogatz,22,2,3946487045,DWG,6,6,1.0,True,7.0,1711,0.0016729330000089249,14.667744611999296,0,True,low calibration heuristic/bound utilization
dominating,4,watts_strogatz,22,2,3946487045,MS-RG-WT,6,6,1.0,True,7.0,1711,0.014330355999845779,14.667744611999296,0,True,low calibration heuristic/bound utilization
dominating,4,watts_strogatz,22,2,3946487045,CARE-DS,6,6,1.0,True,7.0,1711,0.015384311000161688,14.667744611999296,0,True,low calibration heuristic/bound utilization
dominating,5,watts_strogatz,22,6,1799537453,D-EAA-ER,24,27,0.8888888888888888,False,30.0,1510,0.003937084999051876,21.90298832500048,0,True,low calibration heuristic/bound utilization
dominating,5,watts_strogatz,22,6,1799537453,DWG,24,27,0.8888888888888888,False,30.0,1510,0.0038873619996593334,21.90298832500048,0,True,low calibration heuristic/bound utilization
dominating,5,watts_strogatz,22,6,1799537453,MS-RG-WT,25,27,0.9259259259259259,False,30.0,1510,0.038196550000066054,21.90298832500048,0,True,low calibration heuristic/bound utilization
dominating,5,watts_strogatz,22,6,1799537453,CARE-DS,26,27,0.9629629629629629,False,30.0,1510,0.04204632599976321,21.90298832500048,0,True,low calibration heuristic/bound utilization
dominating,6,barabasi_albert,22,5,3844033684,D-EAA-ER,7,7,1.0,True,8.0,1492,0.0015619989990227623,17.13778104499943,0,True,low calibration heuristic/bound utilization
dominating,6,barabasi_albert,22,5,3844033684,DWG,7,7,1.0,True,8.0,1492,0.001813742999729584,17.13778104499943,0,True,low calibration heuristic/bound utilization
dominating,6,barabasi_albert,22,5,3844033684,MS-RG-WT,7,7,1.0,True,8.0,1492,0.026572232000035,17.13778104499943,0,True,low calibration heuristic/bound utilization
dominating,6,barabasi_albert,22,5,3844033684,CARE-DS,7,7,1.0,True,8.0,1492,0.01654342199981329,17.13778104499943,0,True,low calibration heuristic/bound utilization
dominating,7,watts_strogatz,22,6,3086486433,D-EAA-ER,21,24,0.875,False,26.0,1115,0.0033467390003352193,19.59563099099978,0,True,low calibration heuristic/bound utilization
dominating,7,watts_strogatz,22,6,3086486433,DWG,22,24,0.9166666666666666,False,26.0,1115,0.003311576001578942,19.59563099099978,0,True,low calibration heuristic/bound utilization
dominating,7,watts_strogatz,22,6,3086486433,MS-RG-WT,22,24,0.9166666666666666,False,26.0,1115,0.03645606600002793,19.59563099099978,0,True,low calibration heuristic/bound utilization
dominating,7,watts_strogatz,22,6,3086486433,CARE-DS,23,24,0.9583333333333334,False,26.0,1115,0.033220040999367484,19.59563099099978,0,True,low calibration heuristic/bound utilization
dominating,8,barabasi_albert,22,6,2778765328,D-EAA-ER,16,16,1.0,True,18.0,1340,0.0025745219991222257,20.260539924000113,0,True,low calibration heuristic/bound utilization
dominating,8,barabasi_albert,22,6,2778765328,DWG,14,16,0.875,False,18.0,1340,0.0031409229995915666,20.260539924000113,0,True,low calibration heuristic/bound utilization
dominating,8,barabasi_albert,22,6,2778765328,MS-RG-WT,15,16,0.9375,False,18.0,1340,0.025366941999891424,20.260539924000113,0,True,low calibration heuristic/bound utilization
dominating,8,barabasi_albert,22,6,2778765328,CARE-DS,16,16,1.0,True,18.0,1340,0.029606185999000445,20.260539924000113,0,True,low calibration heuristic/bound utilization
dominating,9,er,22,6,2073815662,D-EAA-ER,15,18,0.8333333333333334,False,19.0,2102,0.002515305000997614,31.128351132998432,0,True,low calibration heuristic/bound utilization
dominating,9,er,22,6,2073815662,DWG,16,18,0.8888888888888888,False,19.0,2102,0.00295731100050034,31.128351132998432,0,True,low calibration heuristic/bound utilization
dominating,9,er,22,6,2073815662,MS-RG-WT,17,18,0.9444444444444444,False,19.0,2102,0.04379182699994999,31.128351132998432,0,True,low calibration heuristic/bound utilization
dominating,9,er,22,6,2073815662,CARE-DS,17,18,0.9444444444444444,False,19.0,2102,0.04499835800015717,31.128351132998432,0,True,low calibration heuristic/bound utilization
dominating,10,er,22,6,1170379085,D-EAA-ER,15,18,0.8333333333333334,False,19.0,1717,0.002425061000394635,25.091600711000865,0,True,low calibration heuristic/bound utilization
dominating,10,er,22,6,1170379085,DWG,17,18,0.9444444444444444,False,19.0,1717,0.0030064639995543985,25.091600711000865,0,True,low calibration heuristic/bound utilization
dominating,10,er,22,6,1170379085,MS-RG-WT,15,18,0.8333333333333334,False,19.0,1717,0.026385093999124365,25.091600711000865,0,True,low calibration heuristic/bound utilization
dominating,10,er,22,6,1170379085,CARE-DS,17,18,0.9444444444444444,False,19.0,1717,0.030419684000662528,25.091600711000865,0,True,low calibration heuristic/bound utilization
dominating,11,barabasi_albert,22,5,2076869113,D-EAA-ER,9,9,1.0,True,10.0,289,0.0014502129997708835,9.828716474999965,0,True,low calibration heuristic/bound utilization
dominating,11,barabasi_albert,22,5,2076869113,DWG,9,9,1.0,True,10.0,289,0.0019782370000029914,9.828716474999965,0,True,low calibration heuristic/bound utilization
dominating,11,barabasi_albert,22,5,2076869113,MS-RG-WT,9,9,1.0,True,10.0,289,0.015341817999797058,9.828716474999965,0,True,low calibration heuristic/bound utilization
dominating,11,barabasi_albert,22,5,2076869113,CARE-DS,9,9,1.0,True,10.0,289,0.015259796999089303,9.828716474999965,0,True,low calibration heuristic/bound utilization
