mode,design,topology,n,target_degree,seed,algorithm,lifetime,optimum,ratio_to_optimum,optimal,candidate_sets,heuristic_runtime_s,exact_runtime_s,milp_status,valid
dominating,0,rgg,21,3,2083063334,D-EAA-ER,6,6,1.0,True,524,0.0011195819997738,5.6560648940003375,0,True
dominating,0,rgg,21,3,2083063334,DWG,6,6,1.0,True,524,0.0015717629994469462,5.6560648940003375,0,True
dominating,0,rgg,21,3,2083063334,MS-RG-WT,6,6,1.0,True,524,0.012282966999919154,5.6560648940003375,0,True
dominating,0,rgg,21,3,2083063334,CARE-DS,6,6,1.0,True,524,0.012270528000044578,5.6560648940003375,0,True
dominating,1,clustered,21,3,2577725703,D-EAA-ER,2,2,1.0,True,412,0.0005244789999778732,5.7398257760005436,0,True
dominating,1,clustered,21,3,2577725703,DWG,2,2,1.0,True,412,0.0005693659995813505,5.7398257760005436,0,True
dominating,1,clustered,21,3,2577725703,MS-RG-WT,2,2,1.0,True,412,0.003998916999989888,5.7398257760005436,0,True
dominating,1,clustered,21,3,2577725703,CARE-DS,2,2,1.0,True,412,0.0038393000004361966,5.7398257760005436,0,True
dominating,2,er,21,3,2282172223,D-EAA-ER,6,6,1.0,True,980,0.0010096180003529298,8.20321493099982,0,True
dominating,2,er,21,3,2282172223,DWG,6,6,1.0,True,980,0.001567266999700223,8.20321493099982,0,True
dominating,2,er,21,3,2282172223,MS-RG-WT,6,6,1.0,True,980,0.011474496000118961,8.20321493099982,0,True
dominating,2,er,21,3,2282172223,CARE-DS,6,6,1.0,True,980,0.011825697999483964,8.20321493099982,0,True
dominating,3,watts_strogatz,21,4,4217933362,D-EAA-ER,10,10,1.0,True,1582,0.0015453439991688356,11.82237158999942,0,True
dominating,3,watts_strogatz,21,4,4217933362,DWG,10,10,1.0,True,1582,0.002078014998915023,11.82237158999942,0,True
dominating,3,watts_strogatz,21,4,4217933362,MS-RG-WT,10,10,1.0,True,1582,0.017157223001049715,11.82237158999942,0,True
dominating,3,watts_strogatz,21,4,4217933362,CARE-DS,10,10,1.0,True,1582,0.019019407998712268,11.82237158999942,0,True
dominating,4,barabasi_albert,21,4,3217534765,D-EAA-ER,6,6,1.0,True,69,0.0009795340010896325,4.661945578000086,0,True
dominating,4,barabasi_albert,21,4,3217534765,DWG,6,6,1.0,True,69,0.001016349000565242,4.661945578000086,0,True
dominating,4,barabasi_albert,21,4,3217534765,MS-RG-WT,6,6,1.0,True,69,0.00880811700153572,4.661945578000086,0,True
dominating,4,barabasi_albert,21,4,3217534765,CARE-DS,6,6,1.0,True,69,0.009315270999650238,4.661945578000086,0,True
dominating,5,rgg,22,4,463735422,D-EAA-ER,7,7,1.0,True,736,0.001264346999960253,16.717351171999326,0,True
dominating,5,rgg,22,4,463735422,DWG,7,7,1.0,True,736,0.001611462999790092,16.717351171999326,0,True
dominating,5,rgg,22,4,463735422,MS-RG-WT,7,7,1.0,True,736,0.01759868900080619,16.717351171999326,0,True
dominating,5,rgg,22,4,463735422,CARE-DS,7,7,1.0,True,736,0.015207337999527226,16.717351171999326,0,True
dominating,6,clustered,22,4,961423181,D-EAA-ER,9,9,1.0,True,1191,0.001460738998503075,24.832444645000578,0,True
dominating,6,clustered,22,4,961423181,DWG,9,9,1.0,True,1191,0.0020627320009225514,24.832444645000578,0,True
dominating,6,clustered,22,4,961423181,MS-RG-WT,9,9,1.0,True,1191,0.016177729001356056,24.832444645000578,0,True
dominating,6,clustered,22,4,961423181,CARE-DS,9,9,1.0,True,1191,0.016731581001295126,24.832444645000578,0,True
dominating,7,er,22,4,2588519314,D-EAA-ER,4,4,1.0,True,1069,0.0008424909992754692,15.841208341998936,0,True
dominating,7,er,22,4,2588519314,DWG,4,4,1.0,True,1069,0.0011368480008968618,15.841208341998936,0,True
dominating,7,er,22,4,2588519314,MS-RG-WT,4,4,1.0,True,1069,0.00861748399984208,15.841208341998936,0,True
dominating,7,er,22,4,2588519314,CARE-DS,4,4,1.0,True,1069,0.012281974000870832,15.841208341998936,0,True
dominating,8,watts_strogatz,22,4,3822716531,D-EAA-ER,8,8,1.0,True,1910,0.0013821819993609097,29.80264031399929,0,True
dominating,8,watts_strogatz,22,4,3822716531,DWG,8,8,1.0,True,1910,0.0018120200002158526,29.80264031399929,0,True
dominating,8,watts_strogatz,22,4,3822716531,MS-RG-WT,8,8,1.0,True,1910,0.015608748000886408,29.80264031399929,0,True
dominating,8,watts_strogatz,22,4,3822716531,CARE-DS,8,8,1.0,True,1910,0.01644244199997047,29.80264031399929,0,True
dominating,9,barabasi_albert,22,4,253405723,D-EAA-ER,5,5,1.0,True,365,0.0008988650006358512,11.269573806999688,0,True
dominating,9,barabasi_albert,22,4,253405723,DWG,4,5,0.8,False,365,0.001198119000036968,11.269573806999688,0,True
dominating,9,barabasi_albert,22,4,253405723,MS-RG-WT,4,5,0.8,False,365,0.009703657000500243,11.269573806999688,0,True
dominating,9,barabasi_albert,22,4,253405723,CARE-DS,5,5,1.0,True,365,0.01291125899842882,11.269573806999688,0,True
connected,0,rgg,21,3,244512442,D-EAA-ER,1,1,1.0,True,6,0.0004490370010898914,2.782993191998685,0,True
connected,0,rgg,21,3,244512442,DWG,1,1,1.0,True,6,0.0005561460002354579,2.782993191998685,0,True
connected,0,rgg,21,3,244512442,MS-RG-WT,1,1,1.0,True,6,0.002802911998514901,2.782993191998685,0,True
connected,0,rgg,21,3,244512442,CARE-DS,1,1,1.0,True,6,0.002911401999881491,2.782993191998685,0,True
connected,1,clustered,21,3,2030907953,D-EAA-ER,1,1,1.0,True,10,0.00047485499999311287,2.6826640790004603,0,True
connected,1,clustered,21,3,2030907953,DWG,1,1,1.0,True,10,0.0005328310016921023,2.6826640790004603,0,True
connected,1,clustered,21,3,2030907953,MS-RG-WT,1,1,1.0,True,10,0.0031597609995515086,2.6826640790004603,0,True
connected,1,clustered,21,3,2030907953,CARE-DS,1,1,1.0,True,10,0.0031294970012822887,2.6826640790004603,0,True
connected,2,er,21,3,1423158752,D-EAA-ER,1,1,1.0,True,55,0.0004618759994627908,2.4854993559983996,0,True
connected,2,er,21,3,1423158752,DWG,1,1,1.0,True,55,0.0004502680003497517,2.4854993559983996,0,True
connected,2,er,21,3,1423158752,MS-RG-WT,1,1,1.0,True,55,0.0029974099998071324,2.4854993559983996,0,True
connected,2,er,21,3,1423158752,CARE-DS,1,1,1.0,True,55,0.0028349900003377115,2.4854993559983996,0,True
connected,3,watts_strogatz,21,4,2238155802,D-EAA-ER,4,4,1.0,True,995,0.0011874129995703697,6.341175228000793,0,True
connected,3,watts_strogatz,21,4,2238155802,DWG,4,4,1.0,True,995,0.001369453000734211,6.341175228000793,0,True
connected,3,watts_strogatz,21,4,2238155802,MS-RG-WT,4,4,1.0,True,995,0.01066754800012859,6.341175228000793,0,True
connected,3,watts_strogatz,21,4,2238155802,CARE-DS,4,4,1.0,True,995,0.011487235000458895,6.341175228000793,0,True
connected,4,barabasi_albert,21,4,3457113938,D-EAA-ER,4,4,1.0,True,10,0.001590741998370504,4.152237695001531,0,True
connected,4,barabasi_albert,21,4,3457113938,DWG,4,4,1.0,True,10,0.000799427001766162,4.152237695001531,0,True
connected,4,barabasi_albert,21,4,3457113938,MS-RG-WT,4,4,1.0,True,10,0.006440712000767235,4.152237695001531,0,True
connected,4,barabasi_albert,21,4,3457113938,CARE-DS,4,4,1.0,True,10,0.006376117000399972,4.152237695001531,0,True
connected,5,rgg,22,4,2822749263,D-EAA-ER,1,1,1.0,True,60,0.0005250400008662837,5.529697531001148,0,True
connected,5,rgg,22,4,2822749263,DWG,1,1,1.0,True,60,0.0005001520003133919,5.529697531001148,0,True
connected,5,rgg,22,4,2822749263,MS-RG-WT,1,1,1.0,True,60,0.0030472040016320534,5.529697531001148,0,True
connected,5,rgg,22,4,2822749263,CARE-DS,1,1,1.0,True,60,0.003056998999454663,5.529697531001148,0,True
connected,6,clustered,22,4,3838678833,D-EAA-ER,1,1,1.0,True,6,0.0005535219988814788,6.411086295000132,0,True
connected,6,clustered,22,4,3838678833,DWG,1,1,1.0,True,6,0.0004767179998452775,6.411086295000132,0,True
connected,6,clustered,22,4,3838678833,MS-RG-WT,1,1,1.0,True,6,0.003020815000127186,6.411086295000132,0,True
connected,6,clustered,22,4,3838678833,CARE-DS,1,1,1.0,True,6,0.002763332000540686,6.411086295000132,0,True
connected,7,er,22,4,2172990889,D-EAA-ER,3,3,1.0,True,456,0.0009221189993695589,7.742134123000142,0,True
connected,7,er,22,4,2172990889,DWG,3,3,1.0,True,456,0.0009832599989749724,7.742134123000142,0,True
connected,7,er,22,4,2172990889,MS-RG-WT,3,3,1.0,True,456,0.007721074000073713,7.742134123000142,0,True
connected,7,er,22,4,2172990889,CARE-DS,3,3,1.0,True,456,0.008053375999224954,7.742134123000142,0,True
connected,8,watts_strogatz,22,4,529803987,D-EAA-ER,3,3,1.0,True,1351,0.0010275360000377987,11.819335954000053,0,True
connected,8,watts_strogatz,22,4,529803987,DWG,3,3,1.0,True,1351,0.0010307909997209208,11.819335954000053,0,True
connected,8,watts_strogatz,22,4,529803987,MS-RG-WT,3,3,1.0,True,1351,0.0074923430001945235,11.819335954000053,0,True
connected,8,watts_strogatz,22,4,529803987,CARE-DS,3,3,1.0,True,1351,0.008006076999663492,11.819335954000053,0,True
connected,9,barabasi_albert,22,4,2959731148,D-EAA-ER,2,2,1.0,True,72,0.0007814800010237377,6.788434123998741,0,True
connected,9,barabasi_albert,22,4,2959731148,DWG,2,2,1.0,True,72,0.0006590680004592286,6.788434123998741,0,True
connected,9,barabasi_albert,22,4,2959731148,MS-RG-WT,2,2,1.0,True,72,0.005359628001315286,6.788434123998741,0,True
connected,9,barabasi_albert,22,4,2959731148,CARE-DS,2,2,1.0,True,72,0.005050658999607549,6.788434123998741,0,True
