study,study_label,mode,decile,pairs,care_mean,best_comparator_mean,aggregate_gain_pct,mean_instance_gain_pct,median_instance_gain_pct,wins,ties,losses
unit,"Unit cost, h/a in {0.25, 0.5}",connected,1,540,391.8388888888889,371.3777777777778,5.509514121589287,3.722514502129946,0.690779014308426,308,185,47
unit,"Unit cost, h/a in {0.25, 0.5}",connected,2,540,428.23703703703706,410.31296296296296,4.36839088500649,2.941339769970248,0.4902838988617769,313,156,71
unit,"Unit cost, h/a in {0.25, 0.5}",connected,3,540,448.4277777777778,430.81851851851854,4.0873960849717506,2.792123360484571,0.7151380838731674,316,123,101
unit,"Unit cost, h/a in {0.25, 0.5}",connected,4,540,463.82037037037037,447.3,3.693353536859001,2.552384853761008,1.3080174955577686,325,117,98
unit,"Unit cost, h/a in {0.25, 0.5}",connected,5,540,477.9592592592593,461.35925925925926,3.5980636926312703,2.2771918774908784,0.6410256410256411,321,100,119
unit,"Unit cost, h/a in {0.25, 0.5}",connected,6,540,492.00925925925924,474.72037037037035,3.6419100523114922,2.661546514899917,1.2449648089947325,331,85,124
unit,"Unit cost, h/a in {0.25, 0.5}",connected,7,540,505.1203703703704,490.4240740740741,2.996650668922207,1.808649683532934,1.0257017180503776,307,86,147
unit,"Unit cost, h/a in {0.25, 0.5}",connected,8,540,520.5018518518518,505.94444444444446,2.8772738918780405,1.7883984364305134,0.7068857915539838,308,68,164
unit,"Unit cost, h/a in {0.25, 0.5}",connected,9,540,539.9759259259259,527.2722222222222,2.4093254240026285,1.4000996564543522,1.256578947368421,313,59,168
unit,"Unit cost, h/a in {0.25, 0.5}",connected,10,540,641.7111111111111,629.6851851851852,1.9098314854571585,1.1585589164950467,0.967364604047257,317,46,177
unit,"Unit cost, h/a in {0.25, 0.5}",dominating,1,540,431.5722222222222,413.1,4.471610317652419,3.1828008015934857,0.6220975232198143,325,179,36
unit,"Unit cost, h/a in {0.25, 0.5}",dominating,2,540,472.5907407407407,456.2888888888889,3.572704102339319,2.623345571974969,0.6410256410256411,338,156,46
unit,"Unit cost, h/a in {0.25, 0.5}",dominating,3,540,494.97407407407405,477.45,3.670347486453873,2.86093000486674,0.9587111002205342,371,129,40
unit,"Unit cost, h/a in {0.25, 0.5}",dominating,4,540,510.3666666666667,494.3462962962963,3.240718194997516,2.544256148830163,0.6359316550399352,361,115,64
unit,"Unit cost, h/a in {0.25, 0.5}",dominating,5,540,526.3833333333333,511.06111111111113,2.9981193812438134,2.2845158723670966,0.819672131147541,388,93,59
unit,"Unit cost, h/a in {0.25, 0.5}",dominating,6,540,544.2185185185185,527.9703703703703,3.077473483360471,2.5390815714176855,0.9259259259259259,372,86,82
unit,"Unit cost, h/a in {0.25, 0.5}",dominating,7,540,557.8777777777777,543.7240740740741,2.603104107134935,2.0738763715184563,0.819672131147541,360,86,94
unit,"Unit cost, h/a in {0.25, 0.5}",dominating,8,540,574.5388888888889,561.0907407407408,2.396786682024743,1.8050576782759131,0.657687000679098,357,75,108
unit,"Unit cost, h/a in {0.25, 0.5}",dominating,9,540,593.074074074074,582.3740740740741,1.8373070636793054,1.4607243778716839,0.5084760369894772,333,85,122
unit,"Unit cost, h/a in {0.25, 0.5}",dominating,10,540,625.237037037037,615.8685185185185,1.5211880842772363,1.0407652003438068,0.3401360544217687,321,60,159
radio,"Radio, h/a_ref = 0.5",connected,1,45,835.0888888888888,790.8444444444444,5.594582443520291,3.918372373370294,1.9594594594594594,26,3,16
radio,"Radio, h/a_ref = 0.5",connected,2,45,945.7555555555556,919.0666666666667,2.9039121814401048,2.234127525342921,1.6960651289009498,29,1,15
radio,"Radio, h/a_ref = 0.5",connected,3,45,1012.9333333333333,988.8444444444444,2.4360645422266236,1.5407285386421234,-0.12391573729863693,19,3,23
radio,"Radio, h/a_ref = 0.5",connected,4,45,1087.6888888888889,1053.0444444444445,3.2899318378458275,2.3186033036443883,0.6756756756756757,25,3,17
radio,"Radio, h/a_ref = 0.5",connected,5,45,1120.9555555555555,1100.0222222222221,1.9029918587503358,1.3420661913799747,0.7889546351084813,27,0,18
radio,"Radio, h/a_ref = 0.5",connected,6,45,1166.4,1145.8222222222223,1.7958962026298542,1.3991343246844004,0.42735042735042733,25,0,20
radio,"Radio, h/a_ref = 0.5",connected,7,45,1194.1777777777777,1194.8666666666666,-0.057654038572407806,-0.3443281911231012,-0.4088586030664395,21,1,23
radio,"Radio, h/a_ref = 0.5",connected,8,45,1229.7111111111112,1242.4222222222222,-1.0230910944570515,-1.761736934276388,-1.9125683060109289,19,2,24
radio,"Radio, h/a_ref = 0.5",connected,9,45,1305.4444444444443,1290.8666666666666,1.1293015889411118,1.68870021476693,0.8823529411764706,26,0,19
radio,"Radio, h/a_ref = 0.5",connected,10,45,1367.1555555555556,1362.9333333333334,0.30978934324659146,-0.07600811174912937,-0.5688744412840309,19,0,26
radio,"Radio, h/a_ref = 0.5",dominating,1,45,180.15555555555557,136.95555555555555,31.54307966899239,37.291445090129194,35.507246376811594,35,4,6
radio,"Radio, h/a_ref = 0.5",dominating,2,45,208.35555555555555,166.22222222222223,25.347593582887697,30.577636624074184,16.666666666666668,33,1,11
radio,"Radio, h/a_ref = 0.5",dominating,3,45,229.11111111111111,183.37777777777777,24.939408628211357,26.690330002944588,22.22222222222222,37,1,7
radio,"Radio, h/a_ref = 0.5",dominating,4,45,217.62222222222223,204.4,6.468797564687989,11.175741941296012,0.0,22,3,20
radio,"Radio, h/a_ref = 0.5",dominating,5,45,235.57777777777778,215.77777777777777,9.176107106076214,12.845220250729149,3.4981905910735827,29,3,13
radio,"Radio, h/a_ref = 0.5",dominating,6,45,229.95555555555555,232.73333333333332,-1.1935453069798485,12.309679810736736,7.086614173228346,26,1,18
radio,"Radio, h/a_ref = 0.5",dominating,7,45,237.24444444444444,244.48888888888888,-2.963097618614796,5.045214919919327,1.098901098901099,24,0,21
radio,"Radio, h/a_ref = 0.5",dominating,8,45,262.3333333333333,258.3333333333333,1.5483870967741842,3.539124066552477,2.5,23,1,21
radio,"Radio, h/a_ref = 0.5",dominating,9,45,281.0888888888889,280.55555555555554,0.19009900990099027,-1.2272130318509795,-1.5957446808510638,20,0,25
radio,"Radio, h/a_ref = 0.5",dominating,10,45,276.8,315.8,-12.349588347055096,-10.388842479145014,-12.465373961218837,12,0,33
