study,topology,n,target_degree,mode,switch_cost,failure_scenario,algorithm,instances,mean_lifetime,median_lifetime,mean_runtime_s,mean_switches,validity
modern_static,barabasi_albert,50,15,dominating,0.0,none,EAA-static,30,257.3666666666667,255.0,0.004452858633339884,4.166666666666667,1.0
modern_static,barabasi_albert,50,15,dominating,0.0,none,EAAS-S4C-MAB-R,30,257.3666666666667,255.0,0.0057291955999365,4.166666666666667,1.0
modern_static,barabasi_albert,50,15,dominating,0.0,none,FSS-2026-R,30,212.4,216.0,0.5066198613000475,5.866666666666666,1.0
modern_static,barabasi_albert,50,15,dominating,0.0,none,GH-MWDDS+,30,236.63333333333333,231.5,0.0011652791667377366,4.4,1.0
modern_static,barabasi_albert,50,15,dominating,0.0,none,MC-CMSA-R,30,181.23333333333332,175.0,0.5045093522999802,5.166666666666667,1.0
modern_static,barabasi_albert,50,15,dominating,0.0,none,PBIG-R,30,275.7,269.5,0.501769923766642,5.133333333333334,1.0
modern_static,barabasi_albert,50,25,dominating,0.0,none,EAA-static,30,394.56666666666666,400.5,0.004198471133258817,6.533333333333333,1.0
modern_static,barabasi_albert,50,25,dominating,0.0,none,EAAS-S4C-MAB-R,30,394.56666666666666,400.5,0.010763358733311133,6.533333333333333,1.0
modern_static,barabasi_albert,50,25,dominating,0.0,none,FSS-2026-R,30,310.03333333333336,313.5,0.5014496355999957,8.466666666666667,1.0
modern_static,barabasi_albert,50,25,dominating,0.0,none,GH-MWDDS+,30,384.56666666666666,391.5,0.0015201134666312502,7.233333333333333,1.0
modern_static,barabasi_albert,50,25,dominating,0.0,none,MC-CMSA-R,30,295.96666666666664,292.5,0.507107237699923,8.0,1.0
modern_static,barabasi_albert,50,25,dominating,0.0,none,PBIG-R,30,411.56666666666666,414.5,0.5018048754999958,7.9,1.0
modern_static,barabasi_albert,50,35,dominating,0.0,none,EAA-static,30,629.0333333333333,641.0,0.007925877466671661,10.233333333333333,1.0
modern_static,barabasi_albert,50,35,dominating,0.0,none,EAAS-S4C-MAB-R,30,629.0333333333333,641.0,0.0144357621999309,10.233333333333333,1.0
modern_static,barabasi_albert,50,35,dominating,0.0,none,FSS-2026-R,30,548.1666666666666,550.5,0.5020563425334027,13.066666666666666,1.0
modern_static,barabasi_albert,50,35,dominating,0.0,none,GH-MWDDS+,30,634.1,634.0,0.002302625700091643,10.966666666666667,1.0
modern_static,barabasi_albert,50,35,dominating,0.0,none,MC-CMSA-R,30,485.3666666666667,480.5,0.5076511124334199,12.033333333333333,1.0
modern_static,barabasi_albert,50,35,dominating,0.0,none,PBIG-R,30,663.9,666.5,0.5022705871333225,11.866666666666667,1.0
modern_static,barabasi_albert,100,15,dominating,0.0,none,EAA-static,30,217.96666666666667,219.0,0.00660943003337398,3.6333333333333333,1.0
modern_static,barabasi_albert,100,15,dominating,0.0,none,EAAS-S4C-MAB-R,30,217.96666666666667,219.0,0.013593434700032906,3.6333333333333333,1.0
modern_static,barabasi_albert,100,15,dominating,0.0,none,FSS-2026-R,30,140.76666666666668,142.0,0.5024665146333064,4.666666666666667,1.0
modern_static,barabasi_albert,100,15,dominating,0.0,none,GH-MWDDS+,30,190.63333333333333,190.0,0.005259132066718504,3.9,1.0
modern_static,barabasi_albert,100,15,dominating,0.0,none,MC-CMSA-R,30,137.06666666666666,141.5,0.5102161077332615,4.6,1.0
modern_static,barabasi_albert,100,15,dominating,0.0,none,PBIG-R,30,210.36666666666667,207.0,0.5035222728999542,4.433333333333334,1.0
modern_static,barabasi_albert,100,25,dominating,0.0,none,EAA-static,30,344.6666666666667,342.0,0.00982347556667563,5.7,1.0
modern_static,barabasi_albert,100,25,dominating,0.0,none,EAAS-S4C-MAB-R,30,344.6666666666667,342.0,0.021904554966749805,5.7,1.0
modern_static,barabasi_albert,100,25,dominating,0.0,none,FSS-2026-R,30,217.0,212.0,0.5029164065334347,7.0,1.0
modern_static,barabasi_albert,100,25,dominating,0.0,none,GH-MWDDS+,30,303.6,303.5,0.00503390729991219,6.066666666666666,1.0
modern_static,barabasi_albert,100,25,dominating,0.0,none,MC-CMSA-R,30,209.6,209.0,0.514028195766726,6.933333333333334,1.0
modern_static,barabasi_albert,100,25,dominating,0.0,none,PBIG-R,30,321.93333333333334,320.5,0.5032784256999245,6.6,1.0
modern_static,barabasi_albert,100,35,dominating,0.0,none,EAA-static,30,526.9,515.0,0.014241074833353153,8.4,1.0
modern_static,barabasi_albert,100,35,dominating,0.0,none,EAAS-S4C-MAB-R,30,526.9,515.0,0.032084713133311446,8.4,1.0
modern_static,barabasi_albert,100,35,dominating,0.0,none,FSS-2026-R,30,358.06666666666666,360.0,0.5037826359333243,10.866666666666667,1.0
modern_static,barabasi_albert,100,35,dominating,0.0,none,GH-MWDDS+,30,480.8,474.0,0.006122361533319496,9.3,1.0
modern_static,barabasi_albert,100,35,dominating,0.0,none,MC-CMSA-R,30,335.3,337.5,0.5099317057666667,10.2,1.0
modern_static,barabasi_albert,100,35,dominating,0.0,none,PBIG-R,30,500.53333333333336,498.5,0.5042814506999094,9.9,1.0
modern_static,barabasi_albert,150,15,dominating,0.0,none,EAA-static,30,203.73333333333332,199.5,0.007134732166741696,3.3666666666666667,1.0
modern_static,barabasi_albert,150,15,dominating,0.0,none,EAAS-S4C-MAB-R,30,203.73333333333332,199.5,0.018131539066810805,3.3666666666666667,1.0
modern_static,barabasi_albert,150,15,dominating,0.0,none,FSS-2026-R,30,122.96666666666667,120.0,0.5048443891001322,4.133333333333334,1.0
modern_static,barabasi_albert,150,15,dominating,0.0,none,GH-MWDDS+,30,163.83333333333334,166.5,0.008238088400109169,3.7,1.0
modern_static,barabasi_albert,150,15,dominating,0.0,none,MC-CMSA-R,30,116.16666666666667,112.0,0.5123946390333003,4.033333333333333,1.0
modern_static,barabasi_albert,150,15,dominating,0.0,none,PBIG-R,30,176.9,173.0,0.5062767716667319,3.966666666666667,1.0
modern_static,barabasi_albert,150,25,dominating,0.0,none,EAA-static,30,323.06666666666666,319.5,0.011741221666761661,5.433333333333334,1.0
modern_static,barabasi_albert,150,25,dominating,0.0,none,EAAS-S4C-MAB-R,30,323.06666666666666,319.5,0.029079257233176226,5.433333333333334,1.0
modern_static,barabasi_albert,150,25,dominating,0.0,none,FSS-2026-R,30,189.86666666666667,190.5,0.5066525594334053,6.6,1.0
modern_static,barabasi_albert,150,25,dominating,0.0,none,GH-MWDDS+,30,263.1666666666667,268.5,0.010384907766668474,5.733333333333333,1.0
modern_static,barabasi_albert,150,25,dominating,0.0,none,MC-CMSA-R,30,176.2,172.0,0.5157335403999544,6.266666666666667,1.0
modern_static,barabasi_albert,150,25,dominating,0.0,none,PBIG-R,30,270.6666666666667,271.0,0.5053550304999893,6.0,1.0
modern_static,barabasi_albert,150,35,dominating,0.0,none,EAA-static,30,491.06666666666666,493.5,0.01794213926671845,8.1,1.0
modern_static,barabasi_albert,150,35,dominating,0.0,none,EAAS-S4C-MAB-R,30,491.06666666666666,493.5,0.0412263770667171,8.1,1.0
modern_static,barabasi_albert,150,35,dominating,0.0,none,FSS-2026-R,30,293.8666666666667,295.0,0.5069738781665971,9.966666666666667,1.0
modern_static,barabasi_albert,150,35,dominating,0.0,none,GH-MWDDS+,30,422.4,424.0,0.013696089666609566,8.733333333333333,1.0
modern_static,barabasi_albert,150,35,dominating,0.0,none,MC-CMSA-R,30,267.8333333333333,264.0,0.5136629802667813,9.5,1.0
modern_static,barabasi_albert,150,35,dominating,0.0,none,PBIG-R,30,428.76666666666665,426.0,0.5064622049999343,8.933333333333334,1.0
modern_static,barabasi_albert,200,15,dominating,0.0,none,EAA-static,30,201.36666666666667,201.0,0.01046665260006795,3.3,1.0
modern_static,barabasi_albert,200,15,dominating,0.0,none,EAAS-S4C-MAB-R,30,201.36666666666667,201.0,0.026293661799960878,3.3,1.0
modern_static,barabasi_albert,200,15,dominating,0.0,none,FSS-2026-R,30,112.7,111.0,0.5087521023665734,3.966666666666667,1.0
modern_static,barabasi_albert,200,15,dominating,0.0,none,GH-MWDDS+,30,158.46666666666667,158.0,0.015851067366808465,3.466666666666667,1.0
modern_static,barabasi_albert,200,15,dominating,0.0,none,MC-CMSA-R,30,112.06666666666666,110.5,0.5164627377665966,4.0,1.0
modern_static,barabasi_albert,200,15,dominating,0.0,none,PBIG-R,30,163.66666666666666,160.0,0.5090414415334029,3.7,1.0
modern_static,barabasi_albert,200,25,dominating,0.0,none,EAA-static,30,312.8333333333333,313.5,0.013570298800065392,5.166666666666667,1.0
modern_static,barabasi_albert,200,25,dominating,0.0,none,EAAS-S4C-MAB-R,30,312.8333333333333,313.5,0.034198398966752044,5.166666666666667,1.0
modern_static,barabasi_albert,200,25,dominating,0.0,none,FSS-2026-R,30,168.8,166.5,0.5096780896334167,6.133333333333334,1.0
modern_static,barabasi_albert,200,25,dominating,0.0,none,GH-MWDDS+,30,249.16666666666666,250.0,0.017137307766612694,5.566666666666666,1.0
modern_static,barabasi_albert,200,25,dominating,0.0,none,MC-CMSA-R,30,163.43333333333334,159.5,0.5160770286999953,6.1,1.0
modern_static,barabasi_albert,200,25,dominating,0.0,none,PBIG-R,30,253.06666666666666,254.5,0.5144245169666647,5.766666666666667,1.0
modern_static,barabasi_albert,200,35,dominating,0.0,none,EAA-static,30,462.3333333333333,460.0,0.022819939366672724,7.6,1.0
modern_static,barabasi_albert,200,35,dominating,0.0,none,EAAS-S4C-MAB-R,30,462.3333333333333,460.0,0.052485099333322634,7.6,1.0
modern_static,barabasi_albert,200,35,dominating,0.0,none,FSS-2026-R,30,260.06666666666666,257.0,0.5129417188665987,9.433333333333334,1.0
modern_static,barabasi_albert,200,35,dominating,0.0,none,GH-MWDDS+,30,378.43333333333334,378.5,0.021849692100022314,8.566666666666666,1.0
modern_static,barabasi_albert,200,35,dominating,0.0,none,MC-CMSA-R,30,243.36666666666667,238.0,0.5171835755998776,9.1,1.0
modern_static,barabasi_albert,200,35,dominating,0.0,none,PBIG-R,30,378.76666666666665,380.5,0.5279365097664898,8.6,1.0
modern_static,barabasi_albert,250,15,dominating,0.0,none,EAA-static,30,189.9,191.5,0.011164132566530753,3.1666666666666665,1.0
modern_static,barabasi_albert,250,15,dominating,0.0,none,EAAS-S4C-MAB-R,30,189.9,191.5,0.03206921023338505,3.1666666666666665,1.0
modern_static,barabasi_albert,250,15,dominating,0.0,none,FSS-2026-R,30,112.93333333333334,110.5,0.5099829054667073,3.966666666666667,1.0
modern_static,barabasi_albert,250,15,dominating,0.0,none,GH-MWDDS+,30,146.9,149.5,0.02105972859993315,3.4,1.0
modern_static,barabasi_albert,250,15,dominating,0.0,none,MC-CMSA-R,30,107.86666666666666,107.0,0.5211673943000278,3.933333333333333,1.0
modern_static,barabasi_albert,250,15,dominating,0.0,none,PBIG-R,30,151.93333333333334,152.5,0.5351027386333044,3.6333333333333333,1.0
modern_static,barabasi_albert,250,25,dominating,0.0,none,EAA-static,30,296.8,297.0,0.02009953749984556,4.933333333333334,1.0
modern_static,barabasi_albert,250,25,dominating,0.0,none,EAAS-S4C-MAB-R,30,296.8,297.0,0.05168614653342344,4.933333333333334,1.0
modern_static,barabasi_albert,250,25,dominating,0.0,none,FSS-2026-R,30,160.23333333333332,161.0,0.5154662865999853,6.0,1.0
modern_static,barabasi_albert,250,25,dominating,0.0,none,GH-MWDDS+,30,225.46666666666667,224.5,0.03158584463335496,5.3,1.0
modern_static,barabasi_albert,250,25,dominating,0.0,none,MC-CMSA-R,30,149.06666666666666,150.0,0.5356681107999369,5.633333333333334,1.0
modern_static,barabasi_albert,250,25,dominating,0.0,none,PBIG-R,30,226.23333333333332,224.5,0.5438712134998848,5.3,1.0
modern_static,barabasi_albert,250,35,dominating,0.0,none,EAA-static,30,444.8666666666667,450.5,0.03040321000004643,7.5,1.0
modern_static,barabasi_albert,250,35,dominating,0.0,none,EAAS-S4C-MAB-R,30,444.8666666666667,450.5,0.0848181862333755,7.5,1.0
modern_static,barabasi_albert,250,35,dominating,0.0,none,FSS-2026-R,30,240.83333333333334,236.5,0.5217216225333686,8.966666666666667,1.0
modern_static,barabasi_albert,250,35,dominating,0.0,none,GH-MWDDS+,30,353.3,353.0,0.03488047110004113,8.333333333333334,1.0
modern_static,barabasi_albert,250,35,dominating,0.0,none,MC-CMSA-R,30,221.6,224.0,0.528804770699935,8.533333333333333,1.0
modern_static,barabasi_albert,250,35,dominating,0.0,none,PBIG-R,30,353.6666666666667,355.5,0.5512186282333157,8.366666666666667,1.0
modern_static,barabasi_albert,500,15,dominating,0.0,none,EAA-static,30,169.03333333333333,172.0,0.02265493496679477,2.8,1.0
modern_static,barabasi_albert,500,15,dominating,0.0,none,EAAS-S4C-MAB-R,30,169.03333333333333,172.0,0.06610804563339717,2.8,1.0
modern_static,barabasi_albert,500,15,dominating,0.0,none,FSS-2026-R,30,91.46666666666667,86.0,0.538921054733358,3.3,1.0
modern_static,barabasi_albert,500,15,dominating,0.0,none,GH-MWDDS+,30,116.33333333333333,116.0,0.09297442296662359,2.9,1.0
modern_static,barabasi_albert,500,15,dominating,0.0,none,MC-CMSA-R,30,83.9,82.5,0.6109751595665026,3.066666666666667,1.0
modern_static,barabasi_albert,500,15,dominating,0.0,none,PBIG-R,30,120.26666666666667,118.0,0.7020305937000557,3.033333333333333,1.0
modern_static,barabasi_albert,500,25,dominating,0.0,none,EAA-static,30,269.3333333333333,271.5,0.03626393360000287,4.666666666666667,1.0
modern_static,barabasi_albert,500,25,dominating,0.0,none,EAAS-S4C-MAB-R,30,269.3333333333333,271.5,0.09987043163337142,4.666666666666667,1.0
modern_static,barabasi_albert,500,25,dominating,0.0,none,FSS-2026-R,30,134.93333333333334,130.5,0.5443245378999867,5.3,1.0
modern_static,barabasi_albert,500,25,dominating,0.0,none,GH-MWDDS+,30,180.63333333333333,183.5,0.12344125480015763,4.933333333333334,1.0
modern_static,barabasi_albert,500,25,dominating,0.0,none,MC-CMSA-R,30,126.53333333333333,124.5,0.6233441312998669,5.033333333333333,1.0
modern_static,barabasi_albert,500,25,dominating,0.0,none,PBIG-R,30,183.16666666666666,185.0,0.7190600552999967,5.0,1.0
modern_static,barabasi_albert,500,35,dominating,0.0,none,EAA-static,30,411.23333333333335,408.5,0.0626323544000115,7.0,1.0
modern_static,barabasi_albert,500,35,dominating,0.0,none,EAAS-S4C-MAB-R,30,411.23333333333335,408.5,0.15844569359993932,7.0,1.0
modern_static,barabasi_albert,500,35,dominating,0.0,none,FSS-2026-R,30,200.36666666666667,198.0,0.5895367703998999,8.133333333333333,1.0
modern_static,barabasi_albert,500,35,dominating,0.0,none,GH-MWDDS+,30,289.4,291.5,0.15817115870016396,7.7,1.0
modern_static,barabasi_albert,500,35,dominating,0.0,none,MC-CMSA-R,30,182.63333333333333,175.5,0.6584698533999471,7.566666666666666,1.0
modern_static,barabasi_albert,500,35,dominating,0.0,none,PBIG-R,30,289.4,291.5,0.6356976499001272,7.7,1.0
modern_static,barabasi_albert,1000,15,dominating,0.0,none,EAA-static,30,155.3,157.0,0.05213293433328844,2.6333333333333333,1.0
modern_static,barabasi_albert,1000,15,dominating,0.0,none,EAAS-S4C-MAB-R,30,155.3,157.0,0.1832375734000379,2.6333333333333333,1.0
modern_static,barabasi_albert,1000,15,dominating,0.0,none,FSS-2026-R,30,79.1,81.0,0.6508933263331831,2.8666666666666667,1.0
modern_static,barabasi_albert,1000,15,dominating,0.0,none,GH-MWDDS+,30,104.2,103.5,0.5386858293999467,2.9,1.0
modern_static,barabasi_albert,1000,15,dominating,0.0,none,MC-CMSA-R,30,75.13333333333334,80.0,1.0702911685000194,2.7,1.0
modern_static,barabasi_albert,1000,15,dominating,0.0,none,PBIG-R,30,105.46666666666667,104.5,0.915331018733347,2.933333333333333,1.0
modern_static,barabasi_albert,1000,25,dominating,0.0,none,EAA-static,30,242.63333333333333,246.0,0.09052833560008362,4.2,1.0
modern_static,barabasi_albert,1000,25,dominating,0.0,none,EAAS-S4C-MAB-R,30,242.63333333333333,246.0,0.273505534199982,4.2,1.0
modern_static,barabasi_albert,1000,25,dominating,0.0,none,FSS-2026-R,30,117.6,121.0,0.7464119139666764,4.766666666666667,1.0
modern_static,barabasi_albert,1000,25,dominating,0.0,none,GH-MWDDS+,30,154.56666666666666,151.0,0.6152435929333782,4.533333333333333,1.0
modern_static,barabasi_albert,1000,25,dominating,0.0,none,MC-CMSA-R,30,106.56666666666666,102.0,1.2706922845666364,4.233333333333333,1.0
modern_static,barabasi_albert,1000,25,dominating,0.0,none,PBIG-R,30,154.7,151.0,0.8868935741999545,4.566666666666666,1.0
modern_static,barabasi_albert,1000,35,dominating,0.0,none,EAA-static,30,385.6333333333333,386.5,0.1398114692333365,6.8,1.0
modern_static,barabasi_albert,1000,35,dominating,0.0,none,EAAS-S4C-MAB-R,30,385.6333333333333,386.5,0.4272393372334591,6.8,1.0
modern_static,barabasi_albert,1000,35,dominating,0.0,none,FSS-2026-R,30,175.2,175.0,0.6323566956000529,7.366666666666666,1.0
modern_static,barabasi_albert,1000,35,dominating,0.0,none,GH-MWDDS+,30,240.3,236.5,0.7935733648332643,7.266666666666667,1.0
modern_static,barabasi_albert,1000,35,dominating,0.0,none,MC-CMSA-R,30,154.53333333333333,161.5,1.468069673600015,6.5,1.0
modern_static,barabasi_albert,1000,35,dominating,0.0,none,PBIG-R,30,240.3,236.5,0.7876148769666542,7.266666666666667,1.0
modern_static,clustered,50,15,dominating,0.0,none,EAA-static,30,328.1,329.5,0.0039228274000682,5.2,1.0
modern_static,clustered,50,15,dominating,0.0,none,EAAS-S4C-MAB-R,30,328.1,329.5,0.00950437793330815,5.2,1.0
modern_static,clustered,50,15,dominating,0.0,none,FSS-2026-R,30,221.26666666666668,218.5,0.501311090199988,5.266666666666667,1.0
modern_static,clustered,50,15,dominating,0.0,none,GH-MWDDS+,30,323.2,319.0,0.0012031744667031334,5.2,1.0
modern_static,clustered,50,15,dominating,0.0,none,MC-CMSA-R,30,224.36666666666667,213.5,0.5050668132666487,5.266666666666667,1.0
modern_static,clustered,50,15,dominating,0.0,none,PBIG-R,30,329.8666666666667,321.0,0.50180169036668,5.266666666666667,1.0
modern_static,clustered,50,25,dominating,0.0,none,EAA-static,30,719.4333333333333,760.5,0.0074723111999446205,11.6,1.0
modern_static,clustered,50,25,dominating,0.0,none,EAAS-S4C-MAB-R,30,719.4333333333333,760.5,0.01728718349994168,11.6,1.0
modern_static,clustered,50,25,dominating,0.0,none,FSS-2026-R,30,519.9333333333333,549.5,0.5062284315999023,11.733333333333333,1.0
modern_static,clustered,50,25,dominating,0.0,none,GH-MWDDS+,30,700.8,742.0,0.0014537691000137934,11.533333333333333,1.0
modern_static,clustered,50,25,dominating,0.0,none,MC-CMSA-R,30,511.3333333333333,528.0,0.5071586166666293,11.733333333333333,1.0
modern_static,clustered,50,25,dominating,0.0,none,PBIG-R,30,719.9333333333333,762.0,0.5019257533999735,11.7,1.0
modern_static,clustered,50,35,dominating,0.0,none,EAA-static,30,959.7333333333333,1003.0,0.00942570333336329,15.433333333333334,1.0
modern_static,clustered,50,35,dominating,0.0,none,EAAS-S4C-MAB-R,30,959.7333333333333,1003.0,0.02401349353337229,15.433333333333334,1.0
modern_static,clustered,50,35,dominating,0.0,none,FSS-2026-R,30,754.1666666666666,757.0,0.5072316241999942,15.5,1.0
modern_static,clustered,50,35,dominating,0.0,none,GH-MWDDS+,30,935.0333333333333,971.0,0.0011593434666489135,15.333333333333334,1.0
modern_static,clustered,50,35,dominating,0.0,none,MC-CMSA-R,30,744.9666666666667,744.0,0.5056622082333433,15.5,1.0
modern_static,clustered,50,35,dominating,0.0,none,PBIG-R,30,957.5333333333333,1003.5,0.50310451359998,15.5,1.0
modern_static,clustered,100,15,dominating,0.0,none,EAA-static,30,153.0,142.0,0.00380760459997867,2.1,1.0
modern_static,clustered,100,15,dominating,0.0,none,EAAS-S4C-MAB-R,30,153.0,142.0,0.009236405066591596,2.1,1.0
modern_static,clustered,100,15,dominating,0.0,none,FSS-2026-R,30,84.3,77.5,0.5013678074333104,2.1666666666666665,1.0
modern_static,clustered,100,15,dominating,0.0,none,GH-MWDDS+,30,149.4,137.5,0.0028780800333303067,2.1666666666666665,1.0
modern_static,clustered,100,15,dominating,0.0,none,MC-CMSA-R,30,82.43333333333334,76.0,0.5060509398000401,2.1666666666666665,1.0
modern_static,clustered,100,15,dominating,0.0,none,PBIG-R,30,153.6,142.0,0.5035561341666228,2.1666666666666665,1.0
modern_static,clustered,100,25,dominating,0.0,none,EAA-static,30,381.73333333333335,406.5,0.00946231113331724,6.1,1.0
modern_static,clustered,100,25,dominating,0.0,none,EAAS-S4C-MAB-R,30,381.73333333333335,406.5,0.024112123100076092,6.1,1.0
modern_static,clustered,100,25,dominating,0.0,none,FSS-2026-R,30,222.63333333333333,234.0,0.5033614539334091,6.233333333333333,1.0
modern_static,clustered,100,25,dominating,0.0,none,GH-MWDDS+,30,368.53333333333336,396.0,0.00374820300007736,6.033333333333333,1.0
modern_static,clustered,100,25,dominating,0.0,none,MC-CMSA-R,30,223.66666666666666,237.0,0.5069671398999163,6.233333333333333,1.0
modern_static,clustered,100,25,dominating,0.0,none,PBIG-R,30,377.46666666666664,407.0,0.5041432041666819,6.166666666666667,1.0
modern_static,clustered,100,35,dominating,0.0,none,EAA-static,30,777.3666666666667,811.0,0.021194588399976004,12.933333333333334,1.0
modern_static,clustered,100,35,dominating,0.0,none,EAAS-S4C-MAB-R,30,777.3666666666667,811.0,0.04578643346673436,12.933333333333334,1.0
modern_static,clustered,100,35,dominating,0.0,none,FSS-2026-R,30,502.9,526.5,0.5050155202000497,13.366666666666667,1.0
modern_static,clustered,100,35,dominating,0.0,none,GH-MWDDS+,30,773.8,801.0,0.006083829300011177,12.933333333333334,1.0
modern_static,clustered,100,35,dominating,0.0,none,MC-CMSA-R,30,497.7,504.0,0.5062656135666657,13.333333333333334,1.0
modern_static,clustered,100,35,dominating,0.0,none,PBIG-R,30,782.5666666666667,801.0,0.5044840129665621,13.2,1.0
modern_static,clustered,150,15,dominating,0.0,none,EAA-static,30,106.4,99.5,0.004553042933396944,1.2,1.0
modern_static,clustered,150,15,dominating,0.0,none,EAAS-S4C-MAB-R,30,106.4,99.5,0.011450589433237176,1.2,1.0
modern_static,clustered,150,15,dominating,0.0,none,FSS-2026-R,30,54.666666666666664,48.0,0.5024520065666063,1.2333333333333334,1.0
modern_static,clustered,150,15,dominating,0.0,none,GH-MWDDS+,30,102.63333333333334,93.5,0.004668662233355716,1.2333333333333334,1.0
modern_static,clustered,150,15,dominating,0.0,none,MC-CMSA-R,30,53.96666666666667,47.5,0.5067555937665323,1.2333333333333334,1.0
modern_static,clustered,150,15,dominating,0.0,none,PBIG-R,30,105.46666666666667,96.5,0.5068088287333316,1.2333333333333334,1.0
modern_static,clustered,150,25,dominating,0.0,none,EAA-static,30,237.33333333333334,232.5,0.009854223400088766,3.433333333333333,1.0
modern_static,clustered,150,25,dominating,0.0,none,EAAS-S4C-MAB-R,30,237.33333333333334,232.5,0.024946941566728675,3.433333333333333,1.0
modern_static,clustered,150,25,dominating,0.0,none,FSS-2026-R,30,121.93333333333334,122.0,0.5044218379999317,3.5,1.0
modern_static,clustered,150,25,dominating,0.0,none,GH-MWDDS+,30,225.7,214.0,0.006703319466699464,3.433333333333333,1.0
modern_static,clustered,150,25,dominating,0.0,none,MC-CMSA-R,30,121.0,119.5,0.5090371855999971,3.5,1.0
modern_static,clustered,150,25,dominating,0.0,none,PBIG-R,30,228.03333333333333,220.0,0.5056975742333634,3.466666666666667,1.0
modern_static,clustered,150,35,dominating,0.0,none,EAA-static,30,500.3666666666667,480.0,0.022807619600037733,8.233333333333333,1.0
modern_static,clustered,150,35,dominating,0.0,none,EAAS-S4C-MAB-R,30,500.3666666666667,480.0,0.04847275190001402,8.233333333333333,1.0
modern_static,clustered,150,35,dominating,0.0,none,FSS-2026-R,30,275.1666666666667,275.5,0.5060606979000416,8.333333333333334,1.0
modern_static,clustered,150,35,dominating,0.0,none,GH-MWDDS+,30,484.6666666666667,462.5,0.010901336533182338,8.2,1.0
modern_static,clustered,150,35,dominating,0.0,none,MC-CMSA-R,30,271.1,275.0,0.5154901699999754,8.3,1.0
modern_static,clustered,150,35,dominating,0.0,none,PBIG-R,30,484.6666666666667,462.5,0.5110565319999902,8.2,1.0
modern_static,clustered,200,15,dominating,0.0,none,EAA-static,30,95.2,94.5,0.005698236733436063,1.1666666666666667,1.0
modern_static,clustered,200,15,dominating,0.0,none,EAAS-S4C-MAB-R,30,95.2,94.5,0.01642664883341538,1.1666666666666667,1.0
modern_static,clustered,200,15,dominating,0.0,none,FSS-2026-R,30,51.233333333333334,47.0,0.5033550356666637,1.2,1.0
modern_static,clustered,200,15,dominating,0.0,none,GH-MWDDS+,30,93.13333333333334,91.5,0.007305222666673171,1.1666666666666667,1.0
modern_static,clustered,200,15,dominating,0.0,none,MC-CMSA-R,30,49.766666666666666,46.0,0.5112362462000116,1.2,1.0
modern_static,clustered,200,15,dominating,0.0,none,PBIG-R,30,94.93333333333334,94.5,0.5113780578666289,1.2,1.0
modern_static,clustered,200,25,dominating,0.0,none,EAA-static,30,133.76666666666668,127.5,0.008619807433357529,1.7333333333333334,1.0
modern_static,clustered,200,25,dominating,0.0,none,EAAS-S4C-MAB-R,30,133.76666666666668,127.5,0.023542740933256288,1.7333333333333334,1.0
modern_static,clustered,200,25,dominating,0.0,none,FSS-2026-R,30,67.76666666666667,63.0,0.506360452400107,1.8,1.0
modern_static,clustered,200,25,dominating,0.0,none,GH-MWDDS+,30,132.66666666666666,126.0,0.00779941963340505,1.7666666666666666,1.0
modern_static,clustered,200,25,dominating,0.0,none,MC-CMSA-R,30,67.5,62.0,0.5176577456334296,1.8,1.0
modern_static,clustered,200,25,dominating,0.0,none,PBIG-R,30,133.5,126.5,0.5143332652000027,1.7666666666666666,1.0
modern_static,clustered,200,35,dominating,0.0,none,EAA-static,30,271.93333333333334,269.5,0.025897494800028606,4.066666666666666,1.0
modern_static,clustered,200,35,dominating,0.0,none,EAAS-S4C-MAB-R,30,271.93333333333334,269.5,0.06525905666676404,4.066666666666666,1.0
modern_static,clustered,200,35,dominating,0.0,none,FSS-2026-R,30,134.0,140.0,0.510581761033427,4.1,1.0
modern_static,clustered,200,35,dominating,0.0,none,GH-MWDDS+,30,264.23333333333335,266.5,0.01581522000005857,4.066666666666666,1.0
modern_static,clustered,200,35,dominating,0.0,none,MC-CMSA-R,30,137.03333333333333,141.0,0.5227205786666066,4.1,1.0
modern_static,clustered,200,35,dominating,0.0,none,PBIG-R,30,264.9,266.5,0.5470341489000626,4.066666666666666,1.0
modern_static,clustered,250,15,dominating,0.0,none,EAA-static,30,81.23333333333333,85.0,0.007747322033355836,1.0333333333333334,1.0
modern_static,clustered,250,15,dominating,0.0,none,EAAS-S4C-MAB-R,30,81.23333333333333,85.0,0.022582500266616946,1.0333333333333334,1.0
modern_static,clustered,250,15,dominating,0.0,none,FSS-2026-R,30,44.46666666666667,44.0,0.5059135249000367,1.0333333333333334,1.0
modern_static,clustered,250,15,dominating,0.0,none,GH-MWDDS+,30,80.2,83.0,0.012400934733371548,1.0333333333333334,1.0
modern_static,clustered,250,15,dominating,0.0,none,MC-CMSA-R,30,45.36666666666667,44.0,0.5177544627334404,1.0333333333333334,1.0
modern_static,clustered,250,15,dominating,0.0,none,PBIG-R,30,80.36666666666666,83.5,0.5255336799332933,1.0333333333333334,1.0
modern_static,clustered,250,25,dominating,0.0,none,EAA-static,30,122.86666666666666,108.5,0.01310319939996888,1.6666666666666667,1.0
modern_static,clustered,250,25,dominating,0.0,none,EAAS-S4C-MAB-R,30,122.86666666666666,108.5,0.0319007657333107,1.6666666666666667,1.0
modern_static,clustered,250,25,dominating,0.0,none,FSS-2026-R,30,65.76666666666667,58.5,0.508212818933498,1.7,1.0
modern_static,clustered,250,25,dominating,0.0,none,GH-MWDDS+,30,119.7,107.5,0.013510050566613504,1.6333333333333333,1.0
modern_static,clustered,250,25,dominating,0.0,none,MC-CMSA-R,30,63.9,58.5,0.5265863189999436,1.7,1.0
modern_static,clustered,250,25,dominating,0.0,none,PBIG-R,30,121.83333333333333,108.5,0.546213709299991,1.7,1.0
modern_static,clustered,250,35,dominating,0.0,none,EAA-static,30,200.33333333333334,189.0,0.020290107233237556,3.0,1.0
modern_static,clustered,250,35,dominating,0.0,none,EAAS-S4C-MAB-R,30,200.33333333333334,189.0,0.049843984599950354,3.0,1.0
modern_static,clustered,250,35,dominating,0.0,none,FSS-2026-R,30,100.1,87.0,0.5083409038999889,3.0,1.0
modern_static,clustered,250,35,dominating,0.0,none,GH-MWDDS+,30,193.33333333333334,182.5,0.0176874438000595,2.966666666666667,1.0
modern_static,clustered,250,35,dominating,0.0,none,MC-CMSA-R,30,99.73333333333333,97.0,0.5340736369333778,3.0,1.0
modern_static,clustered,250,35,dominating,0.0,none,PBIG-R,30,195.23333333333332,187.5,0.5457445191665707,2.966666666666667,1.0
modern_static,clustered,500,15,dominating,0.0,none,EAA-static,30,71.33333333333333,69.5,0.01732588189994805,1.0,1.0
modern_static,clustered,500,15,dominating,0.0,none,EAAS-S4C-MAB-R,30,71.33333333333333,69.5,0.04862725543334813,1.0,1.0
modern_static,clustered,500,15,dominating,0.0,none,FSS-2026-R,30,42.86666666666667,42.0,0.5240418121333278,1.0333333333333334,1.0
modern_static,clustered,500,15,dominating,0.0,none,GH-MWDDS+,30,69.63333333333334,68.0,0.06227683916667952,1.0,1.0
modern_static,clustered,500,15,dominating,0.0,none,MC-CMSA-R,30,42.233333333333334,41.0,0.6360381415332389,1.0333333333333334,1.0
modern_static,clustered,500,15,dominating,0.0,none,PBIG-R,30,70.23333333333333,68.5,0.6792116286666896,1.0333333333333334,1.0
modern_static,clustered,500,25,dominating,0.0,none,EAA-static,30,88.0,85.5,0.02135213913328088,1.1,1.0
modern_static,clustered,500,25,dominating,0.0,none,EAAS-S4C-MAB-R,30,88.0,85.5,0.05907902099997951,1.1,1.0
modern_static,clustered,500,25,dominating,0.0,none,FSS-2026-R,30,46.9,45.0,0.522611858533431,1.1,1.0
modern_static,clustered,500,25,dominating,0.0,none,GH-MWDDS+,30,85.63333333333334,84.0,0.053171688766633404,1.1,1.0
modern_static,clustered,500,25,dominating,0.0,none,MC-CMSA-R,30,44.5,42.0,0.70121474230012,1.1,1.0
modern_static,clustered,500,25,dominating,0.0,none,PBIG-R,30,85.96666666666667,84.5,0.7755120209666226,1.1,1.0
modern_static,clustered,500,35,dominating,0.0,none,EAA-static,30,99.26666666666667,95.0,0.02885303353344469,1.2,1.0
modern_static,clustered,500,35,dominating,0.0,none,EAAS-S4C-MAB-R,30,99.26666666666667,95.0,0.07054985909993164,1.2,1.0
modern_static,clustered,500,35,dominating,0.0,none,FSS-2026-R,30,50.06666666666667,45.5,0.5273354716665987,1.2333333333333334,1.0
modern_static,clustered,500,35,dominating,0.0,none,GH-MWDDS+,30,97.06666666666666,92.5,0.052971234099913965,1.2,1.0
modern_static,clustered,500,35,dominating,0.0,none,MC-CMSA-R,30,48.666666666666664,45.0,0.7162686839667306,1.2333333333333334,1.0
modern_static,clustered,500,35,dominating,0.0,none,PBIG-R,30,97.06666666666666,92.5,0.70474017163336,1.2,1.0
modern_static,clustered,1000,15,dominating,0.0,none,EAA-static,30,55.7,55.0,0.03497700736667559,1.0,1.0
modern_static,clustered,1000,15,dominating,0.0,none,EAAS-S4C-MAB-R,30,55.7,55.0,0.17582671969997438,1.0,1.0
modern_static,clustered,1000,15,dominating,0.0,none,FSS-2026-R,30,40.5,40.0,0.6119377602666343,1.0,1.0
modern_static,clustered,1000,15,dominating,0.0,none,GH-MWDDS+,30,55.5,55.0,0.3082658456334381,1.0,1.0
modern_static,clustered,1000,15,dominating,0.0,none,MC-CMSA-R,30,40.96666666666667,41.0,1.1950152302333663,1.0,1.0
modern_static,clustered,1000,15,dominating,0.0,none,PBIG-R,30,55.56666666666667,55.0,1.7401295011332878,1.0,1.0
modern_static,clustered,1000,25,dominating,0.0,none,EAA-static,30,72.16666666666667,71.5,0.053208782533207905,1.0,1.0
modern_static,clustered,1000,25,dominating,0.0,none,EAAS-S4C-MAB-R,30,72.16666666666667,71.5,0.21215852220014614,1.0,1.0
modern_static,clustered,1000,25,dominating,0.0,none,FSS-2026-R,30,41.2,41.0,0.6105820562666546,1.0,1.0
modern_static,clustered,1000,25,dominating,0.0,none,GH-MWDDS+,30,70.36666666666666,70.5,0.26119955300009673,1.0,1.0
modern_static,clustered,1000,25,dominating,0.0,none,MC-CMSA-R,30,41.43333333333333,41.0,1.6004438827999972,1.0,1.0
modern_static,clustered,1000,25,dominating,0.0,none,PBIG-R,30,70.5,70.5,2.2048883729666158,1.0,1.0
modern_static,clustered,1000,35,dominating,0.0,none,EAA-static,30,85.7,87.0,0.06200252406658057,1.0666666666666667,1.0
modern_static,clustered,1000,35,dominating,0.0,none,EAAS-S4C-MAB-R,30,85.7,87.0,0.19232625506668527,1.0666666666666667,1.0
modern_static,clustered,1000,35,dominating,0.0,none,FSS-2026-R,30,43.86666666666667,42.0,0.6095595536666224,1.1,1.0
modern_static,clustered,1000,35,dominating,0.0,none,GH-MWDDS+,30,82.56666666666666,78.0,0.24717668643331,1.0666666666666667,1.0
modern_static,clustered,1000,35,dominating,0.0,none,MC-CMSA-R,30,43.53333333333333,41.0,1.9418963878332154,1.1,1.0
modern_static,clustered,1000,35,dominating,0.0,none,PBIG-R,30,83.4,85.0,2.606854688666711,1.1,1.0
modern_static,er,50,15,dominating,0.0,none,EAA-static,30,317.1,317.0,0.0028887257999788566,5.033333333333333,1.0
modern_static,er,50,15,dominating,0.0,none,EAAS-S4C-MAB-R,30,317.1,317.0,0.007456049233345117,5.033333333333333,1.0
modern_static,er,50,15,dominating,0.0,none,FSS-2026-R,30,244.56666666666666,234.0,0.501758562766554,6.733333333333333,1.0
modern_static,er,50,15,dominating,0.0,none,GH-MWDDS+,30,307.53333333333336,305.0,0.0013074208999568767,5.2,1.0
modern_static,er,50,15,dominating,0.0,none,MC-CMSA-R,30,229.2,227.5,0.5043472640334282,6.3,1.0
modern_static,er,50,15,dominating,0.0,none,PBIG-R,30,343.26666666666665,344.0,0.5011223872666051,6.166666666666667,1.0
modern_static,er,50,25,dominating,0.0,none,EAA-static,30,584.7,595.5,0.0049224265332061595,9.366666666666667,1.0
modern_static,er,50,25,dominating,0.0,none,EAAS-S4C-MAB-R,30,584.7,595.5,0.011217929199907863,9.366666666666667,1.0
modern_static,er,50,25,dominating,0.0,none,FSS-2026-R,30,492.93333333333334,494.0,0.5015908637333268,12.366666666666667,1.0
modern_static,er,50,25,dominating,0.0,none,GH-MWDDS+,30,599.3666666666667,591.0,0.00200496173332183,10.266666666666667,1.0
modern_static,er,50,25,dominating,0.0,none,MC-CMSA-R,30,463.8666666666667,462.0,0.50568705316673,11.6,1.0
modern_static,er,50,25,dominating,0.0,none,PBIG-R,30,629.8333333333334,624.5,0.5017811798666723,11.1,1.0
modern_static,er,50,35,dominating,0.0,none,EAA-static,30,911.1666666666666,896.0,0.008493565499975323,14.766666666666667,1.0
modern_static,er,50,35,dominating,0.0,none,EAAS-S4C-MAB-R,30,911.1666666666666,896.0,0.022925389266644388,14.766666666666667,1.0
modern_static,er,50,35,dominating,0.0,none,FSS-2026-R,30,820.5,806.0,0.5030853528001595,18.0,1.0
modern_static,er,50,35,dominating,0.0,none,GH-MWDDS+,30,939.4666666666667,935.5,0.0017733409333231366,15.6,1.0
modern_static,er,50,35,dominating,0.0,none,MC-CMSA-R,30,764.6666666666666,758.0,0.505379903666623,17.4,1.0
modern_static,er,50,35,dominating,0.0,none,PBIG-R,30,975.5333333333333,982.5,0.5028713668668084,16.6,1.0
modern_static,er,100,15,dominating,0.0,none,EAA-static,30,256.5,256.5,0.005066211566736399,3.933333333333333,1.0
modern_static,er,100,15,dominating,0.0,none,EAAS-S4C-MAB-R,30,256.5,256.5,0.012269523866658897,3.933333333333333,1.0
modern_static,er,100,15,dominating,0.0,none,FSS-2026-R,30,179.83333333333334,180.5,0.5029250427000079,5.733333333333333,1.0
modern_static,er,100,15,dominating,0.0,none,GH-MWDDS+,30,249.6,251.5,0.005032387499977586,4.533333333333333,1.0
modern_static,er,100,15,dominating,0.0,none,MC-CMSA-R,30,161.5,159.5,0.5123127434332673,5.233333333333333,1.0
modern_static,er,100,15,dominating,0.0,none,PBIG-R,30,270.2,268.0,0.5025422836999193,5.133333333333334,1.0
modern_static,er,100,25,dominating,0.0,none,EAA-static,30,482.6,486.0,0.009780620566713515,7.833333333333333,1.0
modern_static,er,100,25,dominating,0.0,none,EAAS-S4C-MAB-R,30,482.6,486.0,0.021806207600032657,7.833333333333333,1.0
modern_static,er,100,25,dominating,0.0,none,FSS-2026-R,30,324.0,320.5,0.5033358259332393,10.266666666666667,1.0
modern_static,er,100,25,dominating,0.0,none,GH-MWDDS+,30,474.96666666666664,490.0,0.00591468710014543,8.833333333333334,1.0
modern_static,er,100,25,dominating,0.0,none,MC-CMSA-R,30,316.8333333333333,317.0,0.509226349700081,9.933333333333334,1.0
modern_static,er,100,25,dominating,0.0,none,PBIG-R,30,483.96666666666664,494.0,0.5029949670667216,9.266666666666667,1.0
modern_static,er,100,35,dominating,0.0,none,EAA-static,30,689.6,683.5,0.01531255196647781,11.233333333333333,1.0
modern_static,er,100,35,dominating,0.0,none,EAAS-S4C-MAB-R,30,689.6,683.5,0.033550786133370473,11.233333333333333,1.0
modern_static,er,100,35,dominating,0.0,none,FSS-2026-R,30,493.06666666666666,482.5,0.5050297857666313,14.733333333333333,1.0
modern_static,er,100,35,dominating,0.0,none,GH-MWDDS+,30,701.7333333333333,696.0,0.007591344033304814,12.7,1.0
modern_static,er,100,35,dominating,0.0,none,MC-CMSA-R,30,479.7,472.5,0.5059894086999823,14.2,1.0
modern_static,er,100,35,dominating,0.0,none,PBIG-R,30,708.3,699.5,0.503802137233409,13.1,1.0
modern_static,er,150,15,dominating,0.0,none,EAA-static,30,243.16666666666666,240.5,0.0083588212333476,3.8,1.0
modern_static,er,150,15,dominating,0.0,none,EAAS-S4C-MAB-R,30,243.16666666666666,240.5,0.021111183800045747,3.8,1.0
modern_static,er,150,15,dominating,0.0,none,FSS-2026-R,30,151.2,157.5,0.5059869927333238,5.266666666666667,1.0
modern_static,er,150,15,dominating,0.0,none,GH-MWDDS+,30,230.13333333333333,233.0,0.011294316833239709,4.466666666666667,1.0
modern_static,er,150,15,dominating,0.0,none,MC-CMSA-R,30,139.86666666666667,142.5,0.5142085060000076,4.866666666666666,1.0
modern_static,er,150,15,dominating,0.0,none,PBIG-R,30,236.53333333333333,240.0,0.5064318862666368,4.7,1.0
modern_static,er,150,25,dominating,0.0,none,EAA-static,30,439.43333333333334,431.5,0.01373011893329016,7.133333333333334,1.0
modern_static,er,150,25,dominating,0.0,none,EAAS-S4C-MAB-R,30,439.43333333333334,431.5,0.03174620086659459,7.133333333333334,1.0
modern_static,er,150,25,dominating,0.0,none,FSS-2026-R,30,279.03333333333336,279.5,0.5070719936999618,9.766666666666667,1.0
modern_static,er,150,25,dominating,0.0,none,GH-MWDDS+,30,428.3333333333333,428.0,0.012748580766735008,8.433333333333334,1.0
modern_static,er,150,25,dominating,0.0,none,MC-CMSA-R,30,253.43333333333334,250.5,0.5186107310000504,9.0,1.0
modern_static,er,150,25,dominating,0.0,none,PBIG-R,30,433.53333333333336,437.0,0.5056956467000722,8.6,1.0
modern_static,er,150,35,dominating,0.0,none,EAA-static,30,640.5666666666667,642.5,0.02125266230001818,10.466666666666667,1.0
modern_static,er,150,35,dominating,0.0,none,EAAS-S4C-MAB-R,30,640.5666666666667,642.5,0.05055407103327521,10.466666666666667,1.0
modern_static,er,150,35,dominating,0.0,none,FSS-2026-R,30,413.26666666666665,410.5,0.5094000593333173,13.833333333333334,1.0
modern_static,er,150,35,dominating,0.0,none,GH-MWDDS+,30,634.9666666666667,637.5,0.01703974503340451,11.933333333333334,1.0
modern_static,er,150,35,dominating,0.0,none,MC-CMSA-R,30,381.8666666666667,384.5,0.5157667735333538,13.1,1.0
modern_static,er,150,35,dominating,0.0,none,PBIG-R,30,638.1333333333333,643.5,0.5070046465665958,12.133333333333333,1.0
modern_static,er,200,15,dominating,0.0,none,EAA-static,30,231.93333333333334,234.0,0.009272563133284421,3.8,1.0
modern_static,er,200,15,dominating,0.0,none,EAAS-S4C-MAB-R,30,231.93333333333334,234.0,0.024506050966707892,3.8,1.0
modern_static,er,200,15,dominating,0.0,none,FSS-2026-R,30,135.76666666666668,135.5,0.5102213452668063,5.066666666666666,1.0
modern_static,er,200,15,dominating,0.0,none,GH-MWDDS+,30,210.83333333333334,212.0,0.01615835043336721,4.366666666666666,1.0
modern_static,er,200,15,dominating,0.0,none,MC-CMSA-R,30,130.9,132.5,0.5131888802000807,4.866666666666666,1.0
modern_static,er,200,15,dominating,0.0,none,PBIG-R,30,215.4,214.0,0.5124653466666435,4.566666666666666,1.0
modern_static,er,200,25,dominating,0.0,none,EAA-static,30,428.8,427.5,0.01722515853316503,6.966666666666667,1.0
modern_static,er,200,25,dominating,0.0,none,EAAS-S4C-MAB-R,30,428.8,427.5,0.0411394502999731,6.966666666666667,1.0
modern_static,er,200,25,dominating,0.0,none,FSS-2026-R,30,254.13333333333333,255.0,0.5139012016999307,9.4,1.0
modern_static,er,200,25,dominating,0.0,none,GH-MWDDS+,30,401.96666666666664,398.5,0.02294127843324527,7.933333333333334,1.0
modern_static,er,200,25,dominating,0.0,none,MC-CMSA-R,30,238.56666666666666,236.0,0.5174014053667028,8.8,1.0
modern_static,er,200,25,dominating,0.0,none,PBIG-R,30,405.93333333333334,408.0,0.5106150012333274,8.0,1.0
modern_static,er,200,35,dominating,0.0,none,EAA-static,30,625.9666666666667,628.5,0.026528510400051608,10.233333333333333,1.0
modern_static,er,200,35,dominating,0.0,none,EAAS-S4C-MAB-R,30,625.9666666666667,628.5,0.05942344713336444,10.233333333333333,1.0
modern_static,er,200,35,dominating,0.0,none,FSS-2026-R,30,366.8,367.5,0.5136757802000224,13.3,1.0
modern_static,er,200,35,dominating,0.0,none,GH-MWDDS+,30,593.3666666666667,595.5,0.027841811866740753,11.833333333333334,1.0
modern_static,er,200,35,dominating,0.0,none,MC-CMSA-R,30,339.4,339.0,0.5261368249998668,12.4,1.0
modern_static,er,200,35,dominating,0.0,none,PBIG-R,30,593.4333333333333,596.5,0.5243118723332979,11.833333333333334,1.0
modern_static,er,250,15,dominating,0.0,none,EAA-static,30,226.9,233.0,0.010900459033321814,3.8,1.0
modern_static,er,250,15,dominating,0.0,none,EAAS-S4C-MAB-R,30,226.9,233.0,0.03140880056659319,3.8,1.0
modern_static,er,250,15,dominating,0.0,none,FSS-2026-R,30,132.76666666666668,132.5,0.5118908078000156,4.966666666666667,1.0
modern_static,er,250,15,dominating,0.0,none,GH-MWDDS+,30,204.56666666666666,209.5,0.02451236123336755,4.266666666666667,1.0
modern_static,er,250,15,dominating,0.0,none,MC-CMSA-R,30,123.06666666666666,126.5,0.5197733015334355,4.6,1.0
modern_static,er,250,15,dominating,0.0,none,PBIG-R,30,208.96666666666667,211.5,0.5295033482334475,4.4,1.0
modern_static,er,250,25,dominating,0.0,none,EAA-static,30,419.6333333333333,415.0,0.021281325433301346,7.066666666666666,1.0
modern_static,er,250,25,dominating,0.0,none,EAAS-S4C-MAB-R,30,419.6333333333333,415.0,0.055523416633332046,7.066666666666666,1.0
modern_static,er,250,25,dominating,0.0,none,FSS-2026-R,30,237.7,235.0,0.5199079845332866,9.233333333333333,1.0
modern_static,er,250,25,dominating,0.0,none,GH-MWDDS+,30,385.76666666666665,389.0,0.03364129839998588,7.933333333333334,1.0
modern_static,er,250,25,dominating,0.0,none,MC-CMSA-R,30,214.2,212.5,0.5313452348334067,8.3,1.0
modern_static,er,250,25,dominating,0.0,none,PBIG-R,30,386.26666666666665,389.0,0.5340195256000394,7.933333333333334,1.0
modern_static,er,250,35,dominating,0.0,none,EAA-static,30,594.8333333333334,600.0,0.0350602136332175,9.866666666666667,1.0
modern_static,er,250,35,dominating,0.0,none,EAAS-S4C-MAB-R,30,594.8333333333334,600.0,0.0914364910333764,9.866666666666667,1.0
modern_static,er,250,35,dominating,0.0,none,FSS-2026-R,30,339.1666666666667,337.0,0.5293102704000981,12.933333333333334,1.0
modern_static,er,250,35,dominating,0.0,none,GH-MWDDS+,30,564.5666666666667,563.0,0.04425748319996874,11.6,1.0
modern_static,er,250,35,dominating,0.0,none,MC-CMSA-R,30,313.6333333333333,314.0,0.5306851828666368,11.866666666666667,1.0
modern_static,er,250,35,dominating,0.0,none,PBIG-R,30,564.6666666666666,563.0,0.5418284008332497,11.566666666666666,1.0
modern_static,er,500,15,dominating,0.0,none,EAA-static,30,190.0,196.5,0.025306528333415627,3.066666666666667,1.0
modern_static,er,500,15,dominating,0.0,none,EAAS-S4C-MAB-R,30,190.0,196.5,0.08449610856666061,3.066666666666667,1.0
modern_static,er,500,15,dominating,0.0,none,FSS-2026-R,30,104.56666666666666,106.0,0.5527665747332927,4.0,1.0
modern_static,er,500,15,dominating,0.0,none,GH-MWDDS+,30,167.53333333333333,174.0,0.13860458540008644,3.533333333333333,1.0
modern_static,er,500,15,dominating,0.0,none,MC-CMSA-R,30,93.73333333333333,102.0,0.6517571519999971,3.533333333333333,1.0
modern_static,er,500,15,dominating,0.0,none,PBIG-R,30,167.93333333333334,174.0,0.6559199602332835,3.566666666666667,1.0
modern_static,er,500,25,dominating,0.0,none,EAA-static,30,375.8666666666667,380.0,0.05693232653332713,6.4,1.0
modern_static,er,500,25,dominating,0.0,none,EAAS-S4C-MAB-R,30,375.8666666666667,380.0,0.14496896066675616,6.4,1.0
modern_static,er,500,25,dominating,0.0,none,FSS-2026-R,30,201.9,198.0,0.5686911652333038,8.433333333333334,1.0
modern_static,er,500,25,dominating,0.0,none,GH-MWDDS+,30,335.6,338.5,0.208936485833298,7.433333333333334,1.0
modern_static,er,500,25,dominating,0.0,none,MC-CMSA-R,30,174.86666666666667,171.5,0.6463268044332229,7.166666666666667,1.0
modern_static,er,500,25,dominating,0.0,none,PBIG-R,30,335.6,338.5,0.6806648305998654,7.433333333333334,1.0
modern_static,er,500,35,dominating,0.0,none,EAA-static,30,562.8666666666667,567.5,0.08765020853340194,9.266666666666667,1.0
modern_static,er,500,35,dominating,0.0,none,EAAS-S4C-MAB-R,30,562.8666666666667,567.5,0.2209670188667587,9.266666666666667,1.0
modern_static,er,500,35,dominating,0.0,none,FSS-2026-R,30,289.46666666666664,290.0,0.586263192599957,12.166666666666666,1.0
modern_static,er,500,35,dominating,0.0,none,GH-MWDDS+,30,492.1333333333333,491.5,0.24975934556672047,10.9,1.0
modern_static,er,500,35,dominating,0.0,none,MC-CMSA-R,30,249.06666666666666,242.0,0.7118598149667378,10.433333333333334,1.0
modern_static,er,500,35,dominating,0.0,none,PBIG-R,30,492.1333333333333,491.5,0.7080179940999793,10.9,1.0
modern_static,er,1000,15,dominating,0.0,none,EAA-static,30,181.3,181.5,0.05365559466669458,3.1,1.0
modern_static,er,1000,15,dominating,0.0,none,EAAS-S4C-MAB-R,30,181.3,181.5,0.26275103283326945,3.1,1.0
modern_static,er,1000,15,dominating,0.0,none,FSS-2026-R,30,96.4,101.0,0.8185170740667066,3.7666666666666666,1.0
modern_static,er,1000,15,dominating,0.0,none,GH-MWDDS+,30,152.2,150.5,0.5992056329334142,3.4,1.0
modern_static,er,1000,15,dominating,0.0,none,MC-CMSA-R,30,81.6,81.0,1.0376477574666751,3.033333333333333,1.0
modern_static,er,1000,15,dominating,0.0,none,PBIG-R,30,152.3,150.5,0.7435934348000046,3.4,1.0
modern_static,er,1000,25,dominating,0.0,none,EAA-static,30,354.3666666666667,355.5,0.10617912440002322,6.0,1.0
modern_static,er,1000,25,dominating,0.0,none,EAAS-S4C-MAB-R,30,354.3666666666667,355.5,0.4168429026999547,6.0,1.0
modern_static,er,1000,25,dominating,0.0,none,FSS-2026-R,30,179.23333333333332,183.5,0.7092897978332985,7.733333333333333,1.0
modern_static,er,1000,25,dominating,0.0,none,GH-MWDDS+,30,292.96666666666664,293.0,0.8079198728334025,6.9,1.0
modern_static,er,1000,25,dominating,0.0,none,MC-CMSA-R,30,148.5,143.5,1.3609238193999469,6.3,1.0
modern_static,er,1000,25,dominating,0.0,none,PBIG-R,30,292.96666666666664,293.0,0.8007865654332817,6.9,1.0
modern_static,er,1000,35,dominating,0.0,none,EAA-static,30,528.8,533.0,0.17273545099997134,8.866666666666667,1.0
modern_static,er,1000,35,dominating,0.0,none,EAAS-S4C-MAB-R,30,528.8,533.0,0.5583150944665856,8.866666666666667,1.0
modern_static,er,1000,35,dominating,0.0,none,FSS-2026-R,30,257.9,266.0,0.9699029744333832,11.433333333333334,1.0
modern_static,er,1000,35,dominating,0.0,none,GH-MWDDS+,30,450.1666666666667,448.5,1.0207641000333751,10.6,1.0
modern_static,er,1000,35,dominating,0.0,none,MC-CMSA-R,30,210.4,206.0,1.6386110138667087,9.233333333333333,1.0
modern_static,er,1000,35,dominating,0.0,none,PBIG-R,30,450.1666666666667,448.5,1.0302167024999411,10.6,1.0
modern_static,rgg,50,15,dominating,0.0,none,EAA-static,30,308.3333333333333,304.5,0.008552033000023529,4.866666666666666,1.0
modern_static,rgg,50,15,dominating,0.0,none,EAAS-S4C-MAB-R,30,308.3333333333333,304.5,0.008088147566650111,4.866666666666666,1.0
modern_static,rgg,50,15,dominating,0.0,none,FSS-2026-R,30,210.06666666666666,212.5,0.5017743705333487,5.0,1.0
modern_static,rgg,50,15,dominating,0.0,none,GH-MWDDS+,30,307.4,303.0,0.00262437766662813,4.9,1.0
modern_static,rgg,50,15,dominating,0.0,none,MC-CMSA-R,30,197.3,195.5,0.5074638855000254,5.0,1.0
modern_static,rgg,50,15,dominating,0.0,none,PBIG-R,30,315.3666666666667,316.0,0.5029406397000155,5.0,1.0
modern_static,rgg,50,25,dominating,0.0,none,EAA-static,30,601.5,643.0,0.005580088933341623,9.9,1.0
modern_static,rgg,50,25,dominating,0.0,none,EAAS-S4C-MAB-R,30,601.5,643.0,0.012641746000023534,9.9,1.0
modern_static,rgg,50,25,dominating,0.0,none,FSS-2026-R,30,441.23333333333335,456.5,0.5039924027333048,10.266666666666667,1.0
modern_static,rgg,50,25,dominating,0.0,none,GH-MWDDS+,30,583.5333333333333,624.5,0.0012991175333354032,9.833333333333334,1.0
modern_static,rgg,50,25,dominating,0.0,none,MC-CMSA-R,30,441.06666666666666,448.0,0.5053475084332907,10.233333333333333,1.0
modern_static,rgg,50,25,dominating,0.0,none,PBIG-R,30,609.5,654.0,0.5020559139999781,10.233333333333333,1.0
modern_static,rgg,50,35,dominating,0.0,none,EAA-static,30,1082.3,1085.0,0.010230949833324546,17.733333333333334,1.0
modern_static,rgg,50,35,dominating,0.0,none,EAAS-S4C-MAB-R,30,1082.3,1085.0,0.023948137533352516,17.733333333333334,1.0
modern_static,rgg,50,35,dominating,0.0,none,FSS-2026-R,30,912.6,924.5,0.5027567931333426,18.233333333333334,1.0
modern_static,rgg,50,35,dominating,0.0,none,GH-MWDDS+,30,1067.5,1067.0,0.0012535239666855067,17.7,1.0
modern_static,rgg,50,35,dominating,0.0,none,MC-CMSA-R,30,895.8666666666667,927.5,0.5036184690333205,18.233333333333334,1.0
modern_static,rgg,50,35,dominating,0.0,none,PBIG-R,30,1097.9333333333334,1086.5,0.5032124189333141,18.1,1.0
modern_static,rgg,100,15,dominating,0.0,none,EAA-static,30,246.76666666666668,243.5,0.00575540579996713,3.7666666666666666,1.0
modern_static,rgg,100,15,dominating,0.0,none,EAAS-S4C-MAB-R,30,246.76666666666668,243.5,0.014047752066668744,3.7666666666666666,1.0
modern_static,rgg,100,15,dominating,0.0,none,FSS-2026-R,30,140.66666666666666,132.0,0.5024214352333274,3.9,1.0
modern_static,rgg,100,15,dominating,0.0,none,GH-MWDDS+,30,242.9,242.0,0.0034194713000639332,3.8666666666666667,1.0
modern_static,rgg,100,15,dominating,0.0,none,MC-CMSA-R,30,137.63333333333333,134.0,0.5089835841666476,3.9,1.0
modern_static,rgg,100,15,dominating,0.0,none,PBIG-R,30,245.6,243.5,0.5045930014332953,3.9,1.0
modern_static,rgg,100,25,dominating,0.0,none,EAA-static,30,501.23333333333335,486.0,0.01094749049999937,8.133333333333333,1.0
modern_static,rgg,100,25,dominating,0.0,none,EAAS-S4C-MAB-R,30,501.23333333333335,486.0,0.031037601033328074,8.133333333333333,1.0
modern_static,rgg,100,25,dominating,0.0,none,FSS-2026-R,30,303.7,297.5,0.5038401177333981,8.433333333333334,1.0
modern_static,rgg,100,25,dominating,0.0,none,GH-MWDDS+,30,497.1,482.0,0.004785878933277323,8.2,1.0
modern_static,rgg,100,25,dominating,0.0,none,MC-CMSA-R,30,292.93333333333334,296.0,0.5077542189999349,8.4,1.0
modern_static,rgg,100,25,dominating,0.0,none,PBIG-R,30,502.5,491.0,0.5040845824666879,8.433333333333334,1.0
modern_static,rgg,100,35,dominating,0.0,none,EAA-static,30,759.0333333333333,776.0,0.02137267016666247,12.266666666666667,1.0
modern_static,rgg,100,35,dominating,0.0,none,EAAS-S4C-MAB-R,30,759.0333333333333,776.0,0.04553146133334844,12.266666666666667,1.0
modern_static,rgg,100,35,dominating,0.0,none,FSS-2026-R,30,475.7,478.0,0.5049518035333374,12.433333333333334,1.0
modern_static,rgg,100,35,dominating,0.0,none,GH-MWDDS+,30,749.6333333333333,769.0,0.00743989763333649,12.266666666666667,1.0
modern_static,rgg,100,35,dominating,0.0,none,MC-CMSA-R,30,480.1,469.0,0.5074002824333699,12.433333333333334,1.0
modern_static,rgg,100,35,dominating,0.0,none,PBIG-R,30,752.2333333333333,769.0,0.5052554969999771,12.4,1.0
modern_static,rgg,150,15,dominating,0.0,none,EAA-static,30,218.16666666666666,208.0,0.007505863433289,3.4,1.0
modern_static,rgg,150,15,dominating,0.0,none,EAAS-S4C-MAB-R,30,218.16666666666666,208.0,0.018804635900081204,3.4,1.0
modern_static,rgg,150,15,dominating,0.0,none,FSS-2026-R,30,117.96666666666667,120.0,0.50451590816668,3.6,1.0
modern_static,rgg,150,15,dominating,0.0,none,GH-MWDDS+,30,208.2,196.5,0.007067403766723097,3.4,1.0
modern_static,rgg,150,15,dominating,0.0,none,MC-CMSA-R,30,112.43333333333334,113.0,0.5100288648667174,3.6,1.0
modern_static,rgg,150,15,dominating,0.0,none,PBIG-R,30,213.23333333333332,199.0,0.5051367048333153,3.533333333333333,1.0
modern_static,rgg,150,25,dominating,0.0,none,EAA-static,30,441.8666666666667,445.5,0.01659974550007059,7.3,1.0
modern_static,rgg,150,25,dominating,0.0,none,EAAS-S4C-MAB-R,30,441.8666666666667,445.5,0.04930681283328031,7.3,1.0
modern_static,rgg,150,25,dominating,0.0,none,FSS-2026-R,30,234.53333333333333,226.5,0.5079409011999966,7.6,1.0
modern_static,rgg,150,25,dominating,0.0,none,GH-MWDDS+,30,431.53333333333336,431.5,0.010806381633286297,7.4,1.0
modern_static,rgg,150,25,dominating,0.0,none,MC-CMSA-R,30,236.06666666666666,235.0,0.513089301933375,7.566666666666666,1.0
modern_static,rgg,150,25,dominating,0.0,none,PBIG-R,30,433.43333333333334,434.0,0.5109161084666993,7.433333333333334,1.0
modern_static,rgg,150,35,dominating,0.0,none,EAA-static,30,653.9666666666667,671.0,0.03693406443332297,10.8,1.0
modern_static,rgg,150,35,dominating,0.0,none,EAAS-S4C-MAB-R,30,653.9666666666667,671.0,0.06631710516667223,10.8,1.0
modern_static,rgg,150,35,dominating,0.0,none,FSS-2026-R,30,364.73333333333335,365.5,0.508112112999955,11.0,1.0
modern_static,rgg,150,35,dominating,0.0,none,GH-MWDDS+,30,635.9,662.5,0.013798264266612587,10.8,1.0
modern_static,rgg,150,35,dominating,0.0,none,MC-CMSA-R,30,356.1666666666667,355.0,0.5149952507666058,11.033333333333333,1.0
modern_static,rgg,150,35,dominating,0.0,none,PBIG-R,30,638.8333333333334,665.0,0.5120433402999879,10.866666666666667,1.0
modern_static,rgg,200,15,dominating,0.0,none,EAA-static,30,213.56666666666666,218.0,0.009792396299932638,3.533333333333333,1.0
modern_static,rgg,200,15,dominating,0.0,none,EAAS-S4C-MAB-R,30,213.56666666666666,218.0,0.027080576300007375,3.533333333333333,1.0
modern_static,rgg,200,15,dominating,0.0,none,FSS-2026-R,30,113.33333333333333,109.5,0.5051358171332443,3.6666666666666665,1.0
modern_static,rgg,200,15,dominating,0.0,none,GH-MWDDS+,30,206.93333333333334,201.5,0.01198860536665047,3.533333333333333,1.0
modern_static,rgg,200,15,dominating,0.0,none,MC-CMSA-R,30,109.36666666666666,107.0,0.514256027700003,3.6333333333333333,1.0
modern_static,rgg,200,15,dominating,0.0,none,PBIG-R,30,207.46666666666667,201.5,0.5096740798667118,3.566666666666667,1.0
modern_static,rgg,200,25,dominating,0.0,none,EAA-static,30,426.23333333333335,420.0,0.022413552300016168,6.933333333333334,1.0
modern_static,rgg,200,25,dominating,0.0,none,EAAS-S4C-MAB-R,30,426.23333333333335,420.0,0.05693592256672365,6.933333333333334,1.0
modern_static,rgg,200,25,dominating,0.0,none,FSS-2026-R,30,216.23333333333332,204.0,0.5099239589666619,7.133333333333334,1.0
modern_static,rgg,200,25,dominating,0.0,none,GH-MWDDS+,30,407.0,412.0,0.017045960033252972,6.866666666666666,1.0
modern_static,rgg,200,25,dominating,0.0,none,MC-CMSA-R,30,207.66666666666666,204.5,0.5169917519999672,7.1,1.0
modern_static,rgg,200,25,dominating,0.0,none,PBIG-R,30,407.6,412.0,0.534395667800042,6.933333333333334,1.0
modern_static,rgg,200,35,dominating,0.0,none,EAA-static,30,628.7333333333333,621.0,0.032486212799979756,10.4,1.0
modern_static,rgg,200,35,dominating,0.0,none,EAAS-S4C-MAB-R,30,628.7333333333333,621.0,0.07662949879997234,10.4,1.0
modern_static,rgg,200,35,dominating,0.0,none,FSS-2026-R,30,327.73333333333335,327.5,0.513289349333354,10.533333333333333,1.0
modern_static,rgg,200,35,dominating,0.0,none,GH-MWDDS+,30,611.3666666666667,612.5,0.02011959776659745,10.433333333333334,1.0
modern_static,rgg,200,35,dominating,0.0,none,MC-CMSA-R,30,324.0,316.5,0.5238963316999161,10.566666666666666,1.0
modern_static,rgg,200,35,dominating,0.0,none,PBIG-R,30,611.3666666666667,612.5,0.5315871220666395,10.433333333333334,1.0
modern_static,rgg,250,15,dominating,0.0,none,EAA-static,30,198.26666666666668,193.5,0.012034882766692996,3.1333333333333333,1.0
modern_static,rgg,250,15,dominating,0.0,none,EAAS-S4C-MAB-R,30,198.26666666666668,193.5,0.03977319403332629,3.1333333333333333,1.0
modern_static,rgg,250,15,dominating,0.0,none,FSS-2026-R,30,100.7,105.5,0.5095555108666606,3.2333333333333334,1.0
modern_static,rgg,250,15,dominating,0.0,none,GH-MWDDS+,30,186.2,188.0,0.017878338599984958,3.1,1.0
modern_static,rgg,250,15,dominating,0.0,none,MC-CMSA-R,30,96.0,100.0,0.5212061589333795,3.2,1.0
modern_static,rgg,250,15,dominating,0.0,none,PBIG-R,30,187.13333333333333,188.0,0.5364170481999736,3.1666666666666665,1.0
modern_static,rgg,250,25,dominating,0.0,none,EAA-static,30,398.7,386.5,0.02784989303331709,6.733333333333333,1.0
modern_static,rgg,250,25,dominating,0.0,none,EAAS-S4C-MAB-R,30,398.7,386.5,0.06807419889993672,6.733333333333333,1.0
modern_static,rgg,250,25,dominating,0.0,none,FSS-2026-R,30,194.26666666666668,187.0,0.5157618537000569,6.933333333333334,1.0
modern_static,rgg,250,25,dominating,0.0,none,GH-MWDDS+,30,382.6666666666667,377.5,0.025434986433325875,6.7,1.0
modern_static,rgg,250,25,dominating,0.0,none,MC-CMSA-R,30,189.9,189.0,0.5377008624666966,6.866666666666666,1.0
modern_static,rgg,250,25,dominating,0.0,none,PBIG-R,30,382.6666666666667,377.5,0.5449988861667255,6.7,1.0
modern_static,rgg,250,35,dominating,0.0,none,EAA-static,30,596.7,628.0,0.04286429320003051,10.266666666666667,1.0
modern_static,rgg,250,35,dominating,0.0,none,EAAS-S4C-MAB-R,30,596.7,628.0,0.11836005676661138,10.266666666666667,1.0
modern_static,rgg,250,35,dominating,0.0,none,FSS-2026-R,30,292.7,295.0,0.5328386348999175,10.433333333333334,1.0
modern_static,rgg,250,35,dominating,0.0,none,GH-MWDDS+,30,581.5333333333333,611.0,0.035142164333349935,10.3,1.0
modern_static,rgg,250,35,dominating,0.0,none,MC-CMSA-R,30,290.8666666666667,289.5,0.5372714054332998,10.5,1.0
modern_static,rgg,250,35,dominating,0.0,none,PBIG-R,30,581.5333333333333,611.0,0.542956824566636,10.3,1.0
modern_static,rgg,500,15,dominating,0.0,none,EAA-static,30,154.83333333333334,138.0,0.025721223233358567,2.4,1.0
modern_static,rgg,500,15,dominating,0.0,none,EAAS-S4C-MAB-R,30,154.83333333333334,138.0,0.08247414046665345,2.4,1.0
modern_static,rgg,500,15,dominating,0.0,none,FSS-2026-R,30,73.43333333333334,65.5,0.5294872681333194,2.466666666666667,1.0
modern_static,rgg,500,15,dominating,0.0,none,GH-MWDDS+,30,150.83333333333334,140.5,0.0865167758666757,2.433333333333333,1.0
modern_static,rgg,500,15,dominating,0.0,none,MC-CMSA-R,30,72.06666666666666,65.0,0.623120701733357,2.4,1.0
modern_static,rgg,500,15,dominating,0.0,none,PBIG-R,30,151.03333333333333,140.5,0.6515130219666693,2.433333333333333,1.0
modern_static,rgg,500,25,dominating,0.0,none,EAA-static,30,316.73333333333335,327.0,0.05585288660001118,5.233333333333333,1.0
modern_static,rgg,500,25,dominating,0.0,none,EAAS-S4C-MAB-R,30,316.73333333333335,327.0,0.1505205745333569,5.233333333333333,1.0
modern_static,rgg,500,25,dominating,0.0,none,FSS-2026-R,30,139.26666666666668,145.0,0.5527392106999438,5.4,1.0
modern_static,rgg,500,25,dominating,0.0,none,GH-MWDDS+,30,302.3666666666667,309.0,0.13073975259999313,5.2,1.0
modern_static,rgg,500,25,dominating,0.0,none,MC-CMSA-R,30,140.86666666666667,146.5,0.7032929990333439,5.333333333333333,1.0
modern_static,rgg,500,25,dominating,0.0,none,PBIG-R,30,302.3666666666667,309.0,0.7216297633667181,5.2,1.0
modern_static,rgg,500,35,dominating,0.0,none,EAA-static,30,484.26666666666665,455.5,0.09325329946664165,7.933333333333334,1.0
modern_static,rgg,500,35,dominating,0.0,none,EAAS-S4C-MAB-R,30,484.26666666666665,455.5,0.2556090282667204,7.933333333333334,1.0
modern_static,rgg,500,35,dominating,0.0,none,FSS-2026-R,30,205.13333333333333,201.5,0.5676163336000021,7.933333333333334,1.0
modern_static,rgg,500,35,dominating,0.0,none,GH-MWDDS+,30,459.76666666666665,434.0,0.16487722466669458,7.9,1.0
modern_static,rgg,500,35,dominating,0.0,none,MC-CMSA-R,30,200.6,197.5,0.6876267865333678,7.866666666666666,1.0
modern_static,rgg,500,35,dominating,0.0,none,PBIG-R,30,459.76666666666665,434.0,0.7869812671999625,7.9,1.0
modern_static,rgg,1000,15,dominating,0.0,none,EAA-static,30,145.2,148.5,0.05338682879995148,2.433333333333333,1.0
modern_static,rgg,1000,15,dominating,0.0,none,EAAS-S4C-MAB-R,30,145.2,148.5,0.25961870500003287,2.433333333333333,1.0
modern_static,rgg,1000,15,dominating,0.0,none,FSS-2026-R,30,70.6,80.0,0.6490846278999924,2.466666666666667,1.0
modern_static,rgg,1000,15,dominating,0.0,none,GH-MWDDS+,30,137.7,137.0,0.40854948869996405,2.433333333333333,1.0
modern_static,rgg,1000,15,dominating,0.0,none,MC-CMSA-R,30,67.63333333333334,63.0,1.071693189566728,2.3333333333333335,1.0
modern_static,rgg,1000,15,dominating,0.0,none,PBIG-R,30,138.3,140.5,1.3831584123332958,2.466666666666667,1.0
modern_static,rgg,1000,25,dominating,0.0,none,EAA-static,30,328.56666666666666,335.5,0.13453375229998218,5.8,1.0
modern_static,rgg,1000,25,dominating,0.0,none,EAAS-S4C-MAB-R,30,328.56666666666666,335.5,0.40646433909999663,5.8,1.0
modern_static,rgg,1000,25,dominating,0.0,none,FSS-2026-R,30,140.43333333333334,143.5,0.6773262704000597,5.766666666666667,1.0
modern_static,rgg,1000,25,dominating,0.0,none,GH-MWDDS+,30,313.6,321.0,0.6387949258333265,5.9,1.0
modern_static,rgg,1000,25,dominating,0.0,none,MC-CMSA-R,30,136.7,134.0,1.7572872254666132,5.6,1.0
modern_static,rgg,1000,25,dominating,0.0,none,PBIG-R,30,313.6,321.0,0.896655135500032,5.9,1.0
modern_static,rgg,1000,35,dominating,0.0,none,EAA-static,30,513.2666666666667,511.0,0.20825740316669603,8.8,1.0
modern_static,rgg,1000,35,dominating,0.0,none,EAAS-S4C-MAB-R,30,513.2666666666667,511.0,0.6554029680999671,8.8,1.0
modern_static,rgg,1000,35,dominating,0.0,none,FSS-2026-R,30,207.06666666666666,207.0,0.6755667453666774,8.766666666666667,1.0
modern_static,rgg,1000,35,dominating,0.0,none,GH-MWDDS+,30,480.3333333333333,489.5,0.7559447827666342,8.666666666666666,1.0
modern_static,rgg,1000,35,dominating,0.0,none,MC-CMSA-R,30,203.06666666666666,207.0,2.3661062305333567,8.6,1.0
modern_static,rgg,1000,35,dominating,0.0,none,PBIG-R,30,480.3333333333333,489.5,0.8312726703333131,8.666666666666666,1.0
modern_static,watts_strogatz,50,15,dominating,0.0,none,EAA-static,30,421.8333333333333,422.5,0.00290323303339993,6.7,1.0
modern_static,watts_strogatz,50,15,dominating,0.0,none,EAAS-S4C-MAB-R,30,421.8333333333333,422.5,0.0088460659333577,6.7,1.0
modern_static,watts_strogatz,50,15,dominating,0.0,none,FSS-2026-R,30,341.3,335.0,0.5012392894333364,8.9,1.0
modern_static,watts_strogatz,50,15,dominating,0.0,none,GH-MWDDS+,30,416.5,409.0,0.00111186036662421,7.033333333333333,1.0
modern_static,watts_strogatz,50,15,dominating,0.0,none,MC-CMSA-R,30,305.56666666666666,309.0,0.5064910523666488,8.066666666666666,1.0
modern_static,watts_strogatz,50,15,dominating,0.0,none,PBIG-R,30,458.1333333333333,460.0,0.5017348028666068,8.033333333333333,1.0
modern_static,watts_strogatz,50,25,dominating,0.0,none,EAA-static,30,717.8,707.0,0.008898188566702886,11.6,1.0
modern_static,watts_strogatz,50,25,dominating,0.0,none,EAAS-S4C-MAB-R,30,717.8,707.0,0.01866648996659322,11.6,1.0
modern_static,watts_strogatz,50,25,dominating,0.0,none,FSS-2026-R,30,622.7,612.5,0.5021575111666607,14.8,1.0
modern_static,watts_strogatz,50,25,dominating,0.0,none,GH-MWDDS+,30,727.6333333333333,721.0,0.00172055033329641,12.3,1.0
modern_static,watts_strogatz,50,25,dominating,0.0,none,MC-CMSA-R,30,569.0,576.0,0.5071260914999585,13.8,1.0
modern_static,watts_strogatz,50,25,dominating,0.0,none,PBIG-R,30,768.1333333333333,762.5,0.5024124988999574,13.466666666666667,1.0
modern_static,watts_strogatz,50,35,dominating,0.0,none,EAA-static,30,998.7,1001.5,0.008548366333313077,15.933333333333334,1.0
modern_static,watts_strogatz,50,35,dominating,0.0,none,EAAS-S4C-MAB-R,30,998.7,1001.5,0.02020158593328835,15.933333333333334,1.0
modern_static,watts_strogatz,50,35,dominating,0.0,none,FSS-2026-R,30,964.3,962.0,0.5025143530001212,20.333333333333332,1.0
modern_static,watts_strogatz,50,35,dominating,0.0,none,GH-MWDDS+,30,1017.1666666666666,1031.0,0.0022558783000021635,16.466666666666665,1.0
modern_static,watts_strogatz,50,35,dominating,0.0,none,MC-CMSA-R,30,952.2,958.5,0.5052103580667487,20.233333333333334,1.0
modern_static,watts_strogatz,50,35,dominating,0.0,none,PBIG-R,30,1077.8,1062.5,0.5026837709999199,18.033333333333335,1.0
modern_static,watts_strogatz,100,15,dominating,0.0,none,EAA-static,30,384.3,384.5,0.005942982533421514,6.6,1.0
modern_static,watts_strogatz,100,15,dominating,0.0,none,EAAS-S4C-MAB-R,30,384.3,384.5,0.01504728723327081,6.6,1.0
modern_static,watts_strogatz,100,15,dominating,0.0,none,FSS-2026-R,30,241.16666666666666,239.5,0.5021024352000192,8.0,1.0
modern_static,watts_strogatz,100,15,dominating,0.0,none,GH-MWDDS+,30,372.2,375.0,0.003929286566653856,6.733333333333333,1.0
modern_static,watts_strogatz,100,15,dominating,0.0,none,MC-CMSA-R,30,225.7,225.0,0.5099401887333745,7.6,1.0
modern_static,watts_strogatz,100,15,dominating,0.0,none,PBIG-R,30,390.6333333333333,387.5,0.5031943240999984,7.433333333333334,1.0
modern_static,watts_strogatz,100,25,dominating,0.0,none,EAA-static,30,651.5666666666667,645.5,0.011248455200044744,11.066666666666666,1.0
modern_static,watts_strogatz,100,25,dominating,0.0,none,EAAS-S4C-MAB-R,30,651.5666666666667,645.5,0.02738815400001229,11.066666666666666,1.0
modern_static,watts_strogatz,100,25,dominating,0.0,none,FSS-2026-R,30,443.3,442.5,0.5037704678666463,13.733333333333333,1.0
modern_static,watts_strogatz,100,25,dominating,0.0,none,GH-MWDDS+,30,645.6,643.0,0.004879116699976236,11.866666666666667,1.0
modern_static,watts_strogatz,100,25,dominating,0.0,none,MC-CMSA-R,30,412.76666666666665,410.5,0.5075720185999671,12.833333333333334,1.0
modern_static,watts_strogatz,100,25,dominating,0.0,none,PBIG-R,30,662.9333333333333,658.5,0.5032960585667146,12.333333333333334,1.0
modern_static,watts_strogatz,100,35,dominating,0.0,none,EAA-static,30,926.3666666666667,927.0,0.01882657913344393,15.233333333333333,1.0
modern_static,watts_strogatz,100,35,dominating,0.0,none,EAAS-S4C-MAB-R,30,926.3666666666667,927.0,0.04465233299994598,15.233333333333333,1.0
modern_static,watts_strogatz,100,35,dominating,0.0,none,FSS-2026-R,30,666.0666666666667,665.5,0.5037116817332996,18.7,1.0
modern_static,watts_strogatz,100,35,dominating,0.0,none,GH-MWDDS+,30,933.9333333333333,931.5,0.005835280166623557,16.333333333333332,1.0
modern_static,watts_strogatz,100,35,dominating,0.0,none,MC-CMSA-R,30,626.5,623.0,0.5065304566999658,17.7,1.0
modern_static,watts_strogatz,100,35,dominating,0.0,none,PBIG-R,30,951.4333333333333,945.5,0.5037781903666352,16.866666666666667,1.0
modern_static,watts_strogatz,150,15,dominating,0.0,none,EAA-static,30,365.1666666666667,364.5,0.009170894199905827,6.333333333333333,1.0
modern_static,watts_strogatz,150,15,dominating,0.0,none,EAAS-S4C-MAB-R,30,365.1666666666667,364.5,0.027961377500074932,6.333333333333333,1.0
modern_static,watts_strogatz,150,15,dominating,0.0,none,FSS-2026-R,30,220.13333333333333,220.0,0.5058001648333327,7.933333333333334,1.0
modern_static,watts_strogatz,150,15,dominating,0.0,none,GH-MWDDS+,30,352.53333333333336,351.5,0.009758285533249917,6.7,1.0
modern_static,watts_strogatz,150,15,dominating,0.0,none,MC-CMSA-R,30,197.26666666666668,196.5,0.533317868933409,7.066666666666666,1.0
modern_static,watts_strogatz,150,15,dominating,0.0,none,PBIG-R,30,357.1,357.0,0.5036960908000159,6.966666666666667,1.0
modern_static,watts_strogatz,150,25,dominating,0.0,none,EAA-static,30,619.0666666666667,617.0,0.017051683700052868,10.7,1.0
modern_static,watts_strogatz,150,25,dominating,0.0,none,EAAS-S4C-MAB-R,30,619.0666666666667,617.0,0.04645435969999497,10.7,1.0
modern_static,watts_strogatz,150,25,dominating,0.0,none,FSS-2026-R,30,377.1,382.0,0.5063362417667425,13.066666666666666,1.0
modern_static,watts_strogatz,150,25,dominating,0.0,none,GH-MWDDS+,30,598.1333333333333,600.5,0.010633138466649391,11.366666666666667,1.0
modern_static,watts_strogatz,150,25,dominating,0.0,none,MC-CMSA-R,30,358.8666666666667,360.5,0.5114831120333595,12.466666666666667,1.0
modern_static,watts_strogatz,150,25,dominating,0.0,none,PBIG-R,30,605.4,602.0,0.5062812643999678,11.666666666666666,1.0
modern_static,watts_strogatz,150,35,dominating,0.0,none,EAA-static,30,909.4333333333333,910.5,0.028838680566665616,15.133333333333333,1.0
modern_static,watts_strogatz,150,35,dominating,0.0,none,EAAS-S4C-MAB-R,30,909.4333333333333,910.5,0.06538990243334407,15.133333333333333,1.0
modern_static,watts_strogatz,150,35,dominating,0.0,none,FSS-2026-R,30,569.6,566.5,0.5072918407333115,18.233333333333334,1.0
modern_static,watts_strogatz,150,35,dominating,0.0,none,GH-MWDDS+,30,900.4666666666667,903.5,0.013291708866593838,16.233333333333334,1.0
modern_static,watts_strogatz,150,35,dominating,0.0,none,MC-CMSA-R,30,531.7,530.5,0.5116637151333634,17.3,1.0
modern_static,watts_strogatz,150,35,dominating,0.0,none,PBIG-R,30,905.7,907.0,0.5057814251666363,16.4,1.0
modern_static,watts_strogatz,200,15,dominating,0.0,none,EAA-static,30,345.4,343.5,0.01389063399992661,6.1,1.0
modern_static,watts_strogatz,200,15,dominating,0.0,none,EAAS-S4C-MAB-R,30,345.4,343.5,0.03790672803324919,6.1,1.0
modern_static,watts_strogatz,200,15,dominating,0.0,none,FSS-2026-R,30,206.33333333333334,208.5,0.5078754087666312,7.733333333333333,1.0
modern_static,watts_strogatz,200,15,dominating,0.0,none,GH-MWDDS+,30,332.03333333333336,334.5,0.017537152333443325,6.5,1.0
modern_static,watts_strogatz,200,15,dominating,0.0,none,MC-CMSA-R,30,188.73333333333332,185.0,0.5128022956000071,7.0,1.0
modern_static,watts_strogatz,200,15,dominating,0.0,none,PBIG-R,30,335.93333333333334,334.5,0.5104028503999264,6.666666666666667,1.0
modern_static,watts_strogatz,200,25,dominating,0.0,none,EAA-static,30,613.7666666666667,611.5,0.023917595233433474,10.666666666666666,1.0
modern_static,watts_strogatz,200,25,dominating,0.0,none,EAAS-S4C-MAB-R,30,613.7666666666667,611.5,0.0639030357667555,10.666666666666666,1.0
modern_static,watts_strogatz,200,25,dominating,0.0,none,FSS-2026-R,30,347.1,345.0,0.5102152292333813,12.933333333333334,1.0
modern_static,watts_strogatz,200,25,dominating,0.0,none,GH-MWDDS+,30,585.0333333333333,586.5,0.018814895466706075,11.366666666666667,1.0
modern_static,watts_strogatz,200,25,dominating,0.0,none,MC-CMSA-R,30,319.6,317.0,0.5323167202000756,11.933333333333334,1.0
modern_static,watts_strogatz,200,25,dominating,0.0,none,PBIG-R,30,585.3666666666667,586.5,0.5147056302333719,11.4,1.0
modern_static,watts_strogatz,200,35,dominating,0.0,none,EAA-static,30,888.3,891.0,0.03836127546655911,15.066666666666666,1.0
modern_static,watts_strogatz,200,35,dominating,0.0,none,EAAS-S4C-MAB-R,30,888.3,891.0,0.08758483043329757,15.066666666666666,1.0
modern_static,watts_strogatz,200,35,dominating,0.0,none,FSS-2026-R,30,514.2666666666667,514.0,0.512578420966626,17.866666666666667,1.0
modern_static,watts_strogatz,200,35,dominating,0.0,none,GH-MWDDS+,30,863.0,862.5,0.023006527799983172,16.066666666666666,1.0
modern_static,watts_strogatz,200,35,dominating,0.0,none,MC-CMSA-R,30,483.4,482.5,0.5202731108332349,16.8,1.0
modern_static,watts_strogatz,200,35,dominating,0.0,none,PBIG-R,30,863.9333333333333,862.5,0.5130406672333871,16.1,1.0
modern_static,watts_strogatz,250,15,dominating,0.0,none,EAA-static,30,344.3666666666667,340.0,0.015947860666589455,6.166666666666667,1.0
modern_static,watts_strogatz,250,15,dominating,0.0,none,EAAS-S4C-MAB-R,30,344.3666666666667,340.0,0.044949246133334425,6.166666666666667,1.0
modern_static,watts_strogatz,250,15,dominating,0.0,none,FSS-2026-R,30,190.6,187.0,0.5160766799665605,7.4,1.0
modern_static,watts_strogatz,250,15,dominating,0.0,none,GH-MWDDS+,30,326.6666666666667,326.0,0.023802182266657184,6.6,1.0
modern_static,watts_strogatz,250,15,dominating,0.0,none,MC-CMSA-R,30,179.1,178.0,0.5203622068666846,7.0,1.0
modern_static,watts_strogatz,250,15,dominating,0.0,none,PBIG-R,30,327.1333333333333,326.0,0.5274127941333063,6.6,1.0
modern_static,watts_strogatz,250,25,dominating,0.0,none,EAA-static,30,612.2,619.0,0.027529433866675338,10.666666666666666,1.0
modern_static,watts_strogatz,250,25,dominating,0.0,none,EAAS-S4C-MAB-R,30,612.2,619.0,0.0702050252334326,10.666666666666666,1.0
modern_static,watts_strogatz,250,25,dominating,0.0,none,FSS-2026-R,30,336.73333333333335,340.5,0.5122979515666581,12.833333333333334,1.0
modern_static,watts_strogatz,250,25,dominating,0.0,none,GH-MWDDS+,30,594.3333333333334,600.5,0.027697066199956023,11.433333333333334,1.0
modern_static,watts_strogatz,250,25,dominating,0.0,none,MC-CMSA-R,30,309.43333333333334,310.5,0.5183818525332754,11.966666666666667,1.0
modern_static,watts_strogatz,250,25,dominating,0.0,none,PBIG-R,30,597.9333333333333,601.0,0.525176301133312,11.533333333333333,1.0
modern_static,watts_strogatz,250,35,dominating,0.0,none,EAA-static,30,861.1,858.0,0.044688371466690975,14.733333333333333,1.0
modern_static,watts_strogatz,250,35,dominating,0.0,none,EAAS-S4C-MAB-R,30,861.1,858.0,0.11013029899995667,14.733333333333333,1.0
modern_static,watts_strogatz,250,35,dominating,0.0,none,FSS-2026-R,30,480.03333333333336,470.0,0.5173228961666003,17.633333333333333,1.0
modern_static,watts_strogatz,250,35,dominating,0.0,none,GH-MWDDS+,30,849.1666666666666,848.5,0.03508811926667473,16.033333333333335,1.0
modern_static,watts_strogatz,250,35,dominating,0.0,none,MC-CMSA-R,30,436.3333333333333,430.0,0.5226748374999867,16.166666666666668,1.0
modern_static,watts_strogatz,250,35,dominating,0.0,none,PBIG-R,30,849.3333333333334,848.5,0.540219322133271,16.033333333333335,1.0
modern_static,watts_strogatz,500,15,dominating,0.0,none,EAA-static,30,323.6,326.0,0.03495431846664961,6.0,1.0
modern_static,watts_strogatz,500,15,dominating,0.0,none,EAAS-S4C-MAB-R,30,323.6,326.0,0.10997899709991539,6.0,1.0
modern_static,watts_strogatz,500,15,dominating,0.0,none,FSS-2026-R,30,169.6,169.5,0.548701287466732,7.0,1.0
modern_static,watts_strogatz,500,15,dominating,0.0,none,GH-MWDDS+,30,293.73333333333335,291.5,0.1385594267667329,6.3,1.0
modern_static,watts_strogatz,500,15,dominating,0.0,none,MC-CMSA-R,30,152.4,147.5,0.6073996299000101,6.233333333333333,1.0
modern_static,watts_strogatz,500,15,dominating,0.0,none,PBIG-R,30,293.73333333333335,291.5,0.6834448607999548,6.3,1.0
modern_static,watts_strogatz,500,25,dominating,0.0,none,EAA-static,30,568.2333333333333,562.5,0.06659640973324102,10.133333333333333,1.0
modern_static,watts_strogatz,500,25,dominating,0.0,none,EAAS-S4C-MAB-R,30,568.2333333333333,562.5,0.1793284080331735,10.133333333333333,1.0
modern_static,watts_strogatz,500,25,dominating,0.0,none,FSS-2026-R,30,286.96666666666664,284.0,0.5701255063666395,12.066666666666666,1.0
modern_static,watts_strogatz,500,25,dominating,0.0,none,GH-MWDDS+,30,532.1333333333333,532.0,0.14757174256662128,11.033333333333333,1.0
modern_static,watts_strogatz,500,25,dominating,0.0,none,MC-CMSA-R,30,260.43333333333334,259.5,0.5962016774333582,11.0,1.0
modern_static,watts_strogatz,500,25,dominating,0.0,none,PBIG-R,30,532.1333333333333,532.0,0.6580948309999864,11.033333333333333,1.0
modern_static,watts_strogatz,500,35,dominating,0.0,none,EAA-static,30,820.5,817.0,0.09947093613336616,14.5,1.0
modern_static,watts_strogatz,500,35,dominating,0.0,none,EAAS-S4C-MAB-R,30,820.5,817.0,0.24403396003329664,14.5,1.0
modern_static,watts_strogatz,500,35,dominating,0.0,none,FSS-2026-R,30,409.96666666666664,411.5,0.5826569994000844,16.966666666666665,1.0
modern_static,watts_strogatz,500,35,dominating,0.0,none,GH-MWDDS+,30,759.6666666666666,757.5,0.1577242825332784,15.566666666666666,1.0
modern_static,watts_strogatz,500,35,dominating,0.0,none,MC-CMSA-R,30,359.76666666666665,358.5,0.6393213402333155,15.066666666666666,1.0
modern_static,watts_strogatz,500,35,dominating,0.0,none,PBIG-R,30,759.6666666666666,757.5,0.6911925814333093,15.566666666666666,1.0
modern_static,watts_strogatz,1000,15,dominating,0.0,none,EAA-static,30,301.1333333333333,302.0,0.07388150079999221,5.966666666666667,1.0
modern_static,watts_strogatz,1000,15,dominating,0.0,none,EAAS-S4C-MAB-R,30,301.1333333333333,302.0,0.3354193588332843,5.966666666666667,1.0
modern_static,watts_strogatz,1000,15,dominating,0.0,none,FSS-2026-R,30,157.3,162.0,0.8054817486667465,6.7,1.0
modern_static,watts_strogatz,1000,15,dominating,0.0,none,GH-MWDDS+,30,271.96666666666664,271.5,0.604257987799762,6.033333333333333,1.0
modern_static,watts_strogatz,1000,15,dominating,0.0,none,MC-CMSA-R,30,137.93333333333334,142.0,0.7873222163667075,5.766666666666667,1.0
modern_static,watts_strogatz,1000,15,dominating,0.0,none,PBIG-R,30,271.96666666666664,271.5,0.6305625301666623,6.033333333333333,1.0
modern_static,watts_strogatz,1000,25,dominating,0.0,none,EAA-static,30,556.0666666666667,557.0,0.13840368126669392,10.133333333333333,1.0
modern_static,watts_strogatz,1000,25,dominating,0.0,none,EAAS-S4C-MAB-R,30,556.0666666666667,557.0,0.5340887506335094,10.133333333333333,1.0
modern_static,watts_strogatz,1000,25,dominating,0.0,none,FSS-2026-R,30,256.8,254.5,0.5513403239666331,11.333333333333334,1.0
modern_static,watts_strogatz,1000,25,dominating,0.0,none,GH-MWDDS+,30,491.6666666666667,494.5,0.6353905907999736,10.8,1.0
modern_static,watts_strogatz,1000,25,dominating,0.0,none,MC-CMSA-R,30,231.06666666666666,229.0,1.0825562673666658,10.166666666666666,1.0
modern_static,watts_strogatz,1000,25,dominating,0.0,none,PBIG-R,30,491.6666666666667,494.5,0.6434600209332226,10.8,1.0
modern_static,watts_strogatz,1000,35,dominating,0.0,none,EAA-static,30,788.5333333333333,786.5,0.21419152263339733,14.2,1.0
modern_static,watts_strogatz,1000,35,dominating,0.0,none,EAAS-S4C-MAB-R,30,788.5333333333333,786.5,0.739818385799966,14.2,1.0
modern_static,watts_strogatz,1000,35,dominating,0.0,none,FSS-2026-R,30,366.7,365.5,0.6638217092998882,16.233333333333334,1.0
modern_static,watts_strogatz,1000,35,dominating,0.0,none,GH-MWDDS+,30,709.8,711.0,0.6952131780998874,15.333333333333334,1.0
modern_static,watts_strogatz,1000,35,dominating,0.0,none,MC-CMSA-R,30,320.5,318.5,1.1739022746334133,14.2,1.0
modern_static,watts_strogatz,1000,35,dominating,0.0,none,PBIG-R,30,709.8,711.0,0.6823498368666151,15.333333333333334,1.0
