instance_id,topology,n,target_degree,mode,switch_cost,algorithm,repeat_mean,repeat_sd,repeat_min,repeat_max,mean_runtime_s,repeats,repeat_cv_pct
barabasi_albert-n100-d15-g00,barabasi_albert,100,15,connected,0.25,CARE-DS,282.0,11.02522360569415,267,297,0.6275127831999271,10,3.9096537608844506
barabasi_albert-n100-d15-g00,barabasi_albert,100,15,connected,0.25,MS-RG-WT,245.9,10.375719519896222,230,262,0.8917582830997162,10,4.219487401340473
barabasi_albert-n100-d15-g00,barabasi_albert,100,15,connected,0.5,CARE-DS,284.4,8.669230390037832,271,300,0.5512476354998398,10,3.0482525984661857
barabasi_albert-n100-d15-g00,barabasi_albert,100,15,connected,0.5,MS-RG-WT,227.1,7.030884249746491,216,236,0.6955140219996793,10,3.0959419857976624
barabasi_albert-n100-d15-g00,barabasi_albert,100,15,dominating,0.25,CARE-DS,322.5,14.447221955179547,296,343,0.5357942617001754,10,4.4797587457921075
barabasi_albert-n100-d15-g00,barabasi_albert,100,15,dominating,0.25,MS-RG-WT,280.7,7.498888806572166,270,289,0.6085222056999555,10,2.671495834190298
barabasi_albert-n100-d15-g00,barabasi_albert,100,15,dominating,0.5,CARE-DS,317.7,11.738351199759224,296,336,0.5200105498000085,10,3.6947910606733476
barabasi_albert-n100-d15-g00,barabasi_albert,100,15,dominating,0.5,MS-RG-WT,257.2,11.55470082308977,242,273,0.5969955108999784,10,4.492496431994468
barabasi_albert-n100-d15-g01,barabasi_albert,100,15,connected,0.25,CARE-DS,271.6,11.730302638892148,248,287,0.6938190521000251,10,4.318962680004473
barabasi_albert-n100-d15-g01,barabasi_albert,100,15,connected,0.25,MS-RG-WT,261.2,10.538817137927134,241,281,0.8698769298998741,10,4.034769195224784
barabasi_albert-n100-d15-g01,barabasi_albert,100,15,connected,0.5,CARE-DS,274.2,12.007405122580725,263,299,0.6187600087001556,10,4.379068243100191
barabasi_albert-n100-d15-g01,barabasi_albert,100,15,connected,0.5,MS-RG-WT,239.7,7.543208866258442,229,254,0.8382828562998839,10,3.1469373659818283
barabasi_albert-n100-d15-g01,barabasi_albert,100,15,dominating,0.25,CARE-DS,337.1,15.423286866870432,311,352,0.4732892649999485,10,4.575285335766963
barabasi_albert-n100-d15-g01,barabasi_albert,100,15,dominating,0.25,MS-RG-WT,303.7,6.236986451805073,296,314,0.5114632107998659,10,2.0536669251910022
barabasi_albert-n100-d15-g01,barabasi_albert,100,15,dominating,0.5,CARE-DS,331.1,11.789354897062381,309,344,0.42957544890014104,10,3.560662910619867
barabasi_albert-n100-d15-g01,barabasi_albert,100,15,dominating,0.5,MS-RG-WT,268.8,9.647106647418529,254,281,0.49913808670016807,10,3.588953365855107
barabasi_albert-n100-d35-g00,barabasi_albert,100,35,connected,0.25,CARE-DS,734.8,11.47751424888393,722,754,1.4001902793001135,10,1.5619915962008615
barabasi_albert-n100-d35-g00,barabasi_albert,100,35,connected,0.25,MS-RG-WT,641.7,13.333749993489777,618,657,1.7792838136000682,10,2.077879070202552
barabasi_albert-n100-d35-g00,barabasi_albert,100,35,connected,0.5,CARE-DS,697.9,25.075220171848265,637,720,1.2984913698001037,10,3.5929531697733577
barabasi_albert-n100-d35-g00,barabasi_albert,100,35,connected,0.5,MS-RG-WT,569.2,8.727988186161674,556,589,1.7760413197000162,10,1.5333781071963586
barabasi_albert-n100-d35-g00,barabasi_albert,100,35,dominating,0.25,CARE-DS,697.0,9.910712498212343,683,718,0.7507361487998423,10,1.4219099710491165
barabasi_albert-n100-d35-g00,barabasi_albert,100,35,dominating,0.25,MS-RG-WT,608.9,6.419588079550828,599,617,0.9162344082000345,10,1.0542926719577645
barabasi_albert-n100-d35-g00,barabasi_albert,100,35,dominating,0.5,CARE-DS,683.9,18.235801173637654,657,708,0.8569395143001202,10,2.666442633957838
barabasi_albert-n100-d35-g00,barabasi_albert,100,35,dominating,0.5,MS-RG-WT,536.3,9.649985607358284,519,550,0.9347311926000657,10,1.7993633427854343
barabasi_albert-n100-d35-g01,barabasi_albert,100,35,connected,0.25,CARE-DS,722.8,23.962006964730172,683,751,1.7063641241998995,10,3.3151642175885687
barabasi_albert-n100-d35-g01,barabasi_albert,100,35,connected,0.25,MS-RG-WT,637.8,7.656515018088993,628,655,2.200257521799813,10,1.200457042660551
barabasi_albert-n100-d35-g01,barabasi_albert,100,35,connected,0.5,CARE-DS,707.0,17.925772879665004,675,726,1.2886641408001196,10,2.535469997123763
barabasi_albert-n100-d35-g01,barabasi_albert,100,35,connected,0.5,MS-RG-WT,562.2,12.708702180439635,538,587,1.7433988153000428,10,2.26053044831726
barabasi_albert-n100-d35-g01,barabasi_albert,100,35,dominating,0.25,CARE-DS,685.9,8.238797107453104,671,696,0.7261473184999886,10,1.201165929064456
barabasi_albert-n100-d35-g01,barabasi_albert,100,35,dominating,0.25,MS-RG-WT,602.3,5.774464862170726,596,611,0.8854384819998813,10,0.9587356570099164
barabasi_albert-n100-d35-g01,barabasi_albert,100,35,dominating,0.5,CARE-DS,675.5,6.980130530457311,660,686,0.7486434720998659,10,1.0333279837834657
barabasi_albert-n100-d35-g01,barabasi_albert,100,35,dominating,0.5,MS-RG-WT,532.7,8.654478609367523,519,547,0.9219355283998993,10,1.6246440040111736
barabasi_albert-n500-d15-g00,barabasi_albert,500,15,connected,0.25,CARE-DS,268.1,13.203114110777877,236,280,19.553656208499795,10,4.924697542252098
barabasi_albert-n500-d15-g00,barabasi_albert,500,15,connected,0.25,MS-RG-WT,236.8,8.456424250894175,220,245,22.363313396800002,10,3.571125105951932
barabasi_albert-n500-d15-g00,barabasi_albert,500,15,connected,0.5,CARE-DS,267.4,4.247875285886396,260,274,20.36636619360006,10,1.588584624490051
barabasi_albert-n500-d15-g00,barabasi_albert,500,15,connected,0.5,MS-RG-WT,215.8,6.494442068244024,208,226,19.310508344799835,10,3.0094726914939867
barabasi_albert-n500-d15-g00,barabasi_albert,500,15,dominating,0.25,CARE-DS,300.6,10.0022219753635,281,315,4.518081682900084,10,3.327419153480872
barabasi_albert-n500-d15-g00,barabasi_albert,500,15,dominating,0.25,MS-RG-WT,269.9,5.782156460468133,260,280,4.145932716799871,10,2.142332886427615
barabasi_albert-n500-d15-g00,barabasi_albert,500,15,dominating,0.5,CARE-DS,297.9,7.723700897597951,285,309,9.340963058299986,10,2.5927159777099535
barabasi_albert-n500-d15-g00,barabasi_albert,500,15,dominating,0.5,MS-RG-WT,242.3,6.848357467305573,229,249,7.699062019900066,10,2.8263959832049412
barabasi_albert-n500-d15-g01,barabasi_albert,500,15,connected,0.25,CARE-DS,253.8,9.378462323619775,240,272,9.984640580200084,10,3.695217621599596
barabasi_albert-n500-d15-g01,barabasi_albert,500,15,connected,0.25,MS-RG-WT,208.0,7.102425250887506,193,216,9.462382841199815,10,3.4146275244651467
barabasi_albert-n500-d15-g01,barabasi_albert,500,15,connected,0.5,CARE-DS,258.9,7.7093017409706714,244,268,9.847501911500057,10,2.977714075307328
barabasi_albert-n500-d15-g01,barabasi_albert,500,15,connected,0.5,MS-RG-WT,190.6,8.058122196475638,178,200,9.745709306500066,10,4.227766105181343
barabasi_albert-n500-d15-g01,barabasi_albert,500,15,dominating,0.25,CARE-DS,292.8,12.263767773404709,270,315,6.550626385600026,10,4.188445277802154
barabasi_albert-n500-d15-g01,barabasi_albert,500,15,dominating,0.25,MS-RG-WT,256.7,8.459708426811568,239,271,5.3057082926002295,10,3.295562301056318
barabasi_albert-n500-d15-g01,barabasi_albert,500,15,dominating,0.5,CARE-DS,293.6,10.627009613872255,277,311,5.289170851799918,10,3.6195536831989967
barabasi_albert-n500-d15-g01,barabasi_albert,500,15,dominating,0.5,MS-RG-WT,229.1,7.936553968120475,217,240,4.413142758600043,10,3.464231326111076
barabasi_albert-n500-d35-g00,barabasi_albert,500,35,connected,0.25,CARE-DS,597.1,4.201851443775163,587,602,19.80973778409998,10,0.703709838180399
barabasi_albert-n500-d35-g00,barabasi_albert,500,35,connected,0.25,MS-RG-WT,549.0,4.876246279442602,540,556,21.394201612599865,10,0.8882051510824411
barabasi_albert-n500-d35-g00,barabasi_albert,500,35,connected,0.5,CARE-DS,587.7,3.6224607965059112,582,595,20.868008175100023,10,0.6163792405148734
barabasi_albert-n500-d35-g00,barabasi_albert,500,35,connected,0.5,MS-RG-WT,493.2,9.670114327716666,471,505,20.08527562499994,10,1.9606882254088942
barabasi_albert-n500-d35-g00,barabasi_albert,500,35,dominating,0.25,CARE-DS,605.7,5.2715167541125165,597,615,6.710364048299925,10,0.8703181037002667
barabasi_albert-n500-d35-g00,barabasi_albert,500,35,dominating,0.25,MS-RG-WT,553.8,4.3919117578668345,548,563,5.393898244199863,10,0.7930501549055318
barabasi_albert-n500-d35-g00,barabasi_albert,500,35,dominating,0.5,CARE-DS,594.2,4.104198392432358,584,598,6.817114841500006,10,0.6907099280431434
barabasi_albert-n500-d35-g00,barabasi_albert,500,35,dominating,0.5,MS-RG-WT,504.8,7.969385867876583,490,515,6.776490276499771,10,1.5787214476776115
barabasi_albert-n500-d35-g01,barabasi_albert,500,35,connected,0.25,CARE-DS,594.6,5.1897334549409635,588,603,18.688680704299895,10,0.8728108736866739
barabasi_albert-n500-d35-g01,barabasi_albert,500,35,connected,0.25,MS-RG-WT,536.5,4.4534630719624575,530,543,22.037551066799914,10,0.8300956331710079
barabasi_albert-n500-d35-g01,barabasi_albert,500,35,connected,0.5,CARE-DS,591.7,5.207899981971826,585,600,21.197402818599766,10,0.8801588612424921
barabasi_albert-n500-d35-g01,barabasi_albert,500,35,connected,0.5,MS-RG-WT,478.3,10.165846961490443,462,499,22.352853318299914,10,2.12541228548828
barabasi_albert-n500-d35-g01,barabasi_albert,500,35,dominating,0.25,CARE-DS,611.6,3.9214509786273926,606,617,4.11769458939998,10,0.6411790350927719
barabasi_albert-n500-d35-g01,barabasi_albert,500,35,dominating,0.25,MS-RG-WT,550.4,5.037636129950013,544,559,4.199828818999959,10,0.9152681922147553
barabasi_albert-n500-d35-g01,barabasi_albert,500,35,dominating,0.5,CARE-DS,602.2,5.84617633823832,590,608,6.160413777000121,10,0.9708031116304083
barabasi_albert-n500-d35-g01,barabasi_albert,500,35,dominating,0.5,MS-RG-WT,492.2,6.373556481449128,483,502,6.282517301999723,10,1.2949119222773524
clustered-n100-d15-g00,clustered,100,15,connected,0.25,CARE-DS,112.0,0.0,112,112,0.35421682890005285,10,0.0
clustered-n100-d15-g00,clustered,100,15,connected,0.25,MS-RG-WT,110.2,2.529822128134704,103,111,0.4586839702999896,10,2.295664363098642
clustered-n100-d15-g00,clustered,100,15,connected,0.5,CARE-DS,112.0,0.0,112,112,0.3863517435000176,10,0.0
clustered-n100-d15-g00,clustered,100,15,connected,0.5,MS-RG-WT,109.2,4.467164151400254,97,111,0.5797979839000164,10,4.090809662454444
clustered-n100-d15-g00,clustered,100,15,dominating,0.25,CARE-DS,155.0,0.0,155,155,0.33819318259993447,10,0.0
clustered-n100-d15-g00,clustered,100,15,dominating,0.25,MS-RG-WT,138.9,4.09471203708718,132,145,0.28828264320000013,10,2.947956830156357
clustered-n100-d15-g00,clustered,100,15,dominating,0.5,CARE-DS,155.0,0.0,155,155,0.26469934949996055,10,0.0
clustered-n100-d15-g00,clustered,100,15,dominating,0.5,MS-RG-WT,127.7,4.66785699104941,120,132,0.24698000260000294,10,3.655330455011284
clustered-n100-d15-g01,clustered,100,15,connected,0.25,CARE-DS,217.9,8.047774019358812,207,231,0.5085496610000064,10,3.69333364816834
clustered-n100-d15-g01,clustered,100,15,connected,0.25,MS-RG-WT,200.0,7.393691004272944,186,212,0.6716295040000659,10,3.6968455021364717
clustered-n100-d15-g01,clustered,100,15,connected,0.5,CARE-DS,224.7,6.667499947923176,211,231,0.44647419160005486,10,2.9672896964500115
clustered-n100-d15-g01,clustered,100,15,connected,0.5,MS-RG-WT,180.3,9.226170506890831,170,197,0.5765388165001241,10,5.117121745363744
clustered-n100-d15-g01,clustered,100,15,dominating,0.25,CARE-DS,282.0,0.0,282,282,0.34427252420000515,10,0.0
clustered-n100-d15-g01,clustered,100,15,dominating,0.25,MS-RG-WT,248.7,6.429964575675704,241,261,0.421632674500006,10,2.5854300666166883
clustered-n100-d15-g01,clustered,100,15,dominating,0.5,CARE-DS,281.7,0.483045891539648,281,282,0.36691014789998916,10,0.1714752898614299
clustered-n100-d15-g01,clustered,100,15,dominating,0.5,MS-RG-WT,238.0,16.38427430325934,212,258,0.41657713889990183,10,6.884148866915689
clustered-n100-d35-g00,clustered,100,35,connected,0.25,CARE-DS,711.4,19.027465528662614,691,744,1.1888458654000715,10,2.674650763095672
clustered-n100-d35-g00,clustered,100,35,connected,0.25,MS-RG-WT,654.3,8.246884933786282,638,667,1.5175903149999157,10,1.2604134088012047
clustered-n100-d35-g00,clustered,100,35,connected,0.5,CARE-DS,714.5,36.053201429738984,641,766,0.9471394838000379,10,5.045934419837506
clustered-n100-d35-g00,clustered,100,35,connected,0.5,MS-RG-WT,576.0,9.297550453987581,561,591,1.424688626400075,10,1.6141580649283993
clustered-n100-d35-g00,clustered,100,35,dominating,0.25,CARE-DS,1331.4,6.292853089020918,1316,1336,1.0710735550999744,10,0.4726493231952018
clustered-n100-d35-g00,clustered,100,35,dominating,0.25,MS-RG-WT,1093.8,5.884065110297681,1088,1104,1.0265581511001074,10,0.5379470753609144
clustered-n100-d35-g00,clustered,100,35,dominating,0.5,CARE-DS,1330.2,7.9554314080940225,1308,1334,0.76984532700003,10,0.598062803194559
clustered-n100-d35-g00,clustered,100,35,dominating,0.5,MS-RG-WT,941.7,14.682188755995028,919,959,0.9695814639001583,10,1.5591152974402704
clustered-n100-d35-g01,clustered,100,35,connected,0.25,CARE-DS,697.8,11.399805066559479,677,716,1.2095189279999432,10,1.633677997500642
clustered-n100-d35-g01,clustered,100,35,connected,0.25,MS-RG-WT,639.7,9.534149149242433,624,653,1.5417594513999575,10,1.4904094339913134
clustered-n100-d35-g01,clustered,100,35,connected,0.5,CARE-DS,685.7,21.312750487286557,652,721,0.8952851411999745,10,3.108174199691783
clustered-n100-d35-g01,clustered,100,35,connected,0.5,MS-RG-WT,558.5,10.102254973794459,544,573,1.306636174499954,10,1.808819153768032
clustered-n100-d35-g01,clustered,100,35,dominating,0.25,CARE-DS,1033.2,7.8145164064494015,1011,1036,0.8255126318000293,10,0.7563411156067946
clustered-n100-d35-g01,clustered,100,35,dominating,0.25,MS-RG-WT,860.5,8.695464973830385,846,880,0.8532397258999935,10,1.0105130707530954
clustered-n100-d35-g01,clustered,100,35,dominating,0.5,CARE-DS,1034.5,1.0801234497346586,1033,1036,0.8033880259000398,10,0.10441019330446193
clustered-n100-d35-g01,clustered,100,35,dominating,0.5,MS-RG-WT,743.8,11.103552984918327,724,757,0.9548090608000621,10,1.4928143297819745
clustered-n500-d15-g00,clustered,500,15,connected,0.25,CARE-DS,32.0,0.0,32,32,10.287561252000023,10,0.0
clustered-n500-d15-g00,clustered,500,15,connected,0.25,MS-RG-WT,32.0,0.0,32,32,10.305461938099961,10,0.0
clustered-n500-d15-g00,clustered,500,15,connected,0.5,CARE-DS,32.0,0.0,32,32,10.977371431499979,10,0.0
clustered-n500-d15-g00,clustered,500,15,connected,0.5,MS-RG-WT,32.0,0.0,32,32,13.020300665399963,10,0.0
clustered-n500-d15-g00,clustered,500,15,dominating,0.25,CARE-DS,81.7,0.4830458915396494,81,82,2.0293570344998444,10,0.5912434412970005
clustered-n500-d15-g00,clustered,500,15,dominating,0.25,MS-RG-WT,80.4,1.8973665961010282,75,81,2.036143021299904,10,2.359908701618194
clustered-n500-d15-g00,clustered,500,15,dominating,0.5,CARE-DS,81.4,0.5163977794943222,81,82,3.9997022966000713,10,0.6343953065040813
clustered-n500-d15-g00,clustered,500,15,dominating,0.5,MS-RG-WT,79.5,4.743416490252569,66,81,3.981446632899906,10,5.9665616229592064
clustered-n500-d15-g01,clustered,500,15,connected,0.25,CARE-DS,23.0,0.0,23,23,4.992974626400018,10,0.0
clustered-n500-d15-g01,clustered,500,15,connected,0.25,MS-RG-WT,23.0,0.0,23,23,4.696241457100132,10,0.0
clustered-n500-d15-g01,clustered,500,15,connected,0.5,CARE-DS,23.0,0.0,23,23,5.364602872499972,10,0.0
clustered-n500-d15-g01,clustered,500,15,connected,0.5,MS-RG-WT,23.0,0.0,23,23,5.6375934828000025,10,0.0
clustered-n500-d15-g01,clustered,500,15,dominating,0.25,CARE-DS,57.0,0.0,57,57,1.8974529602999155,10,0.0
clustered-n500-d15-g01,clustered,500,15,dominating,0.25,MS-RG-WT,49.5,3.979112128771108,47,57,1.5580939333999595,10,8.038610361153754
clustered-n500-d15-g01,clustered,500,15,dominating,0.5,CARE-DS,57.0,0.0,57,57,4.421769243900007,10,0.0
clustered-n500-d15-g01,clustered,500,15,dominating,0.5,MS-RG-WT,43.4,7.167829363048326,40,57,2.1195830321999436,10,16.515735859558355
clustered-n500-d35-g00,clustered,500,35,connected,0.25,CARE-DS,182.9,6.3148854128778735,171,188,23.02886000219987,10,3.452643746789433
clustered-n500-d35-g00,clustered,500,35,connected,0.25,MS-RG-WT,169.4,5.561774297230457,158,178,25.680252040199957,10,3.283219774043953
clustered-n500-d35-g00,clustered,500,35,connected,0.5,CARE-DS,186.6,0.9660917830792994,184,187,24.414791013199828,10,0.5177340745333866
clustered-n500-d35-g00,clustered,500,35,connected,0.5,MS-RG-WT,160.6,7.777460310981269,147,170,25.94264343349996,10,4.842752372964676
clustered-n500-d35-g00,clustered,500,35,dominating,0.25,CARE-DS,231.4,3.373096170846268,225,233,8.274561085099958,10,1.457690652915414
clustered-n500-d35-g00,clustered,500,35,dominating,0.25,MS-RG-WT,204.4,8.071899129421503,193,217,4.7809122756999844,10,3.9490700241788175
clustered-n500-d35-g00,clustered,500,35,dominating,0.5,CARE-DS,229.9,7.430417963419762,210,233,8.648021353999866,10,3.2320217326749727
clustered-n500-d35-g00,clustered,500,35,dominating,0.5,MS-RG-WT,189.6,13.953892328347354,171,206,4.593086363299927,10,7.359647852503879
clustered-n500-d35-g01,clustered,500,35,connected,0.25,CARE-DS,83.0,0.0,83,83,13.400320551500045,10,0.0
clustered-n500-d35-g01,clustered,500,35,connected,0.25,MS-RG-WT,83.0,0.0,83,83,12.26862365399993,10,0.0
clustered-n500-d35-g01,clustered,500,35,connected,0.5,CARE-DS,83.0,0.0,83,83,10.666141033300118,10,0.0
clustered-n500-d35-g01,clustered,500,35,connected,0.5,MS-RG-WT,82.4,1.8973665961010282,77,83,15.641909580600077,10,2.302629364200277
clustered-n500-d35-g01,clustered,500,35,dominating,0.25,CARE-DS,170.4,0.5163977794943211,170,171,2.170058383600008,10,0.3030503400788269
clustered-n500-d35-g01,clustered,500,35,dominating,0.25,MS-RG-WT,153.1,5.685263601823775,141,159,2.98281393949992,10,3.713431483882283
clustered-n500-d35-g01,clustered,500,35,dominating,0.5,CARE-DS,170.6,0.5163977794943204,170,171,5.208129256099983,10,0.30269506418189945
clustered-n500-d35-g01,clustered,500,35,dominating,0.5,MS-RG-WT,143.1,7.593125545883954,134,154,5.069904201999998,10,5.3061673975429455
er-n100-d15-g00,er,100,15,connected,0.25,CARE-DS,361.9,7.187179944564879,344,367,0.7336089639999045,10,1.98595743149071
er-n100-d15-g00,er,100,15,connected,0.25,MS-RG-WT,311.0,4.988876515698588,304,319,1.0116622045001349,10,1.6041403587455267
er-n100-d15-g00,er,100,15,connected,0.5,CARE-DS,361.6,6.979334575094606,344,367,1.5019608912001785,10,1.930125712138995
er-n100-d15-g00,er,100,15,connected,0.5,MS-RG-WT,281.9,7.9923574605855645,267,294,1.314835973299796,10,2.835174693361321
er-n100-d15-g00,er,100,15,dominating,0.25,CARE-DS,412.4,8.996295533903567,401,431,0.6359020595999028,10,2.181448965544027
er-n100-d15-g00,er,100,15,dominating,0.25,MS-RG-WT,363.4,11.86217143322044,345,377,0.6472574563002127,10,3.2642188864117894
er-n100-d15-g00,er,100,15,dominating,0.5,CARE-DS,411.1,10.650508595054683,395,435,0.5874740021001343,10,2.5907342726963467
er-n100-d15-g00,er,100,15,dominating,0.5,MS-RG-WT,317.4,11.815244390193545,298,338,0.5820999868000399,10,3.7225092596703044
er-n100-d15-g01,er,100,15,connected,0.25,CARE-DS,336.4,9.276014469827237,329,353,0.64316386720011,10,2.757435930388596
er-n100-d15-g01,er,100,15,connected,0.25,MS-RG-WT,303.5,14.230249470757705,272,321,0.8824293531999501,10,4.688714817383099
er-n100-d15-g01,er,100,15,connected,0.5,CARE-DS,329.2,26.305048100232664,298,378,0.5417514451998613,10,7.9905978433270555
er-n100-d15-g01,er,100,15,connected,0.5,MS-RG-WT,271.6,13.175735273600482,254,296,0.655360902600114,10,4.851154371723299
er-n100-d15-g01,er,100,15,dominating,0.25,CARE-DS,404.7,8.819800955174038,387,415,0.614691741399929,10,2.179342959024966
er-n100-d15-g01,er,100,15,dominating,0.25,MS-RG-WT,359.8,7.871185143010897,347,371,0.7388303876999999,10,2.187655681770677
er-n100-d15-g01,er,100,15,dominating,0.5,CARE-DS,411.3,17.340062796246666,378,429,0.41770517469976765,10,4.215916070081854
er-n100-d15-g01,er,100,15,dominating,0.5,MS-RG-WT,323.5,10.469532516359603,311,346,0.4427120945999377,10,3.2363315351961677
er-n100-d35-g00,er,100,35,connected,0.25,CARE-DS,934.8,8.904430857100865,921,951,1.6448198563001823,10,0.952549300074975
er-n100-d35-g00,er,100,35,connected,0.25,MS-RG-WT,818.5,6.654154925892376,808,827,2.2868073951000043,10,0.8129694472684638
er-n100-d35-g00,er,100,35,connected,0.5,CARE-DS,919.4,14.546477236774546,890,936,1.3188262361000853,10,1.5821706805280125
er-n100-d35-g00,er,100,35,connected,0.5,MS-RG-WT,724.8,12.08120670941258,710,749,1.898572677300035,10,1.6668331552721551
er-n100-d35-g00,er,100,35,dominating,0.25,CARE-DS,863.0,7.916228058025268,852,876,0.7145598644000529,10,0.9172917796089535
er-n100-d35-g00,er,100,35,dominating,0.25,MS-RG-WT,749.9,8.900062421753624,736,762,0.9593649995002125,10,1.1868332339983498
er-n100-d35-g00,er,100,35,dominating,0.5,CARE-DS,836.3,12.754519896012457,823,864,0.8004423748000591,10,1.5251129852938488
er-n100-d35-g00,er,100,35,dominating,0.5,MS-RG-WT,679.5,9.61769203083568,665,688,1.040707937499974,10,1.4154072157226902
er-n100-d35-g01,er,100,35,connected,0.25,CARE-DS,856.7,10.055954565441427,837,871,1.5465700414999446,10,1.1738011632358383
er-n100-d35-g01,er,100,35,connected,0.25,MS-RG-WT,745.1,6.607235091591278,735,752,2.16602637140013,10,0.886758165560499
er-n100-d35-g01,er,100,35,connected,0.5,CARE-DS,836.4,13.2262365521464,823,858,1.3793594771000244,10,1.5813290951872787
er-n100-d35-g01,er,100,35,connected,0.5,MS-RG-WT,669.6,13.023056476879761,648,687,1.9944463337002163,10,1.9449009075387933
er-n100-d35-g01,er,100,35,dominating,0.25,CARE-DS,828.6,9.3476081313766,809,840,0.7725065679000181,10,1.1281207013488534
er-n100-d35-g01,er,100,35,dominating,0.25,MS-RG-WT,721.2,6.679986693266866,711,730,0.999165600500055,10,0.926232209271612
er-n100-d35-g01,er,100,35,dominating,0.5,CARE-DS,817.4,12.509551905999237,796,834,0.8246829776998311,10,1.5304076224613699
er-n100-d35-g01,er,100,35,dominating,0.5,MS-RG-WT,649.9,14.805779652254413,631,678,1.0630466229000377,10,2.2781627407684897
er-n500-d15-g00,er,500,15,connected,0.25,CARE-DS,219.0,0.0,219,219,12.757805071499934,10,0.0
er-n500-d15-g00,er,500,15,connected,0.25,MS-RG-WT,196.2,3.8239014399199953,189,201,15.90265174949982,10,1.948981365912332
er-n500-d15-g00,er,500,15,connected,0.5,CARE-DS,218.5,0.5270462766947267,218,219,11.070460610499959,10,0.24121111061543557
er-n500-d15-g00,er,500,15,connected,0.5,MS-RG-WT,176.1,3.665151201974255,170,182,14.124969700199927,10,2.081289722870105
er-n500-d15-g00,er,500,15,dominating,0.25,CARE-DS,284.5,4.600724580614097,276,288,2.373271948099864,10,1.6171263903740236
er-n500-d15-g00,er,500,15,dominating,0.25,MS-RG-WT,252.4,4.718756898449704,246,260,2.579514125100195,10,1.8695550310814992
er-n500-d15-g00,er,500,15,dominating,0.5,CARE-DS,274.3,3.1287200080686204,266,276,6.830674753800122,10,1.1406197623290633
er-n500-d15-g00,er,500,15,dominating,0.5,MS-RG-WT,232.8,8.904430857100799,218,248,5.2173028885000345,10,3.8249273441154634
er-n500-d15-g01,er,500,15,connected,0.25,CARE-DS,243.0,0.0,243,243,8.051599979599995,10,0.0
er-n500-d15-g01,er,500,15,connected,0.25,MS-RG-WT,213.7,4.217687623436438,207,220,13.209037015000103,10,1.973648864499971
er-n500-d15-g01,er,500,15,connected,0.5,CARE-DS,242.6,0.5163977794943226,242,243,14.009099038699969,10,0.2128597607148898
er-n500-d15-g01,er,500,15,connected,0.5,MS-RG-WT,195.8,9.44927980794774,179,209,18.72898348769986,10,4.82598560160763
er-n500-d15-g01,er,500,15,dominating,0.25,CARE-DS,337.4,1.3498971154210988,334,338,3.5664245906999894,10,0.40008806029078214
er-n500-d15-g01,er,500,15,dominating,0.25,MS-RG-WT,295.4,3.9496835316262966,288,300,2.4459437854997303,10,1.3370628069147925
er-n500-d15-g01,er,500,15,dominating,0.5,CARE-DS,334.2,4.939635614091389,325,338,3.1998298245000116,10,1.4780477600512836
er-n500-d15-g01,er,500,15,dominating,0.5,MS-RG-WT,274.2,6.373556481449128,267,286,2.3512625247998584,10,2.3244188480850214
er-n500-d35-g00,er,500,35,connected,0.25,CARE-DS,753.4,5.853773711604067,746,764,58.81795563689993,10,0.776980848367941
er-n500-d35-g00,er,500,35,connected,0.25,MS-RG-WT,684.7,6.395310782127789,673,692,71.23034459719993,10,0.9340310766945799
er-n500-d35-g00,er,500,35,connected,0.5,CARE-DS,734.5,12.589678312014177,711,754,60.87237051659986,10,1.7140474216493093
er-n500-d35-g00,er,500,35,connected,0.5,MS-RG-WT,617.9,4.677368680976283,609,624,65.05746576060001,10,0.7569782620126693
er-n500-d35-g00,er,500,35,dominating,0.25,CARE-DS,755.1,8.887569346502383,740,769,12.12490071559996,10,1.1770056080654725
er-n500-d35-g00,er,500,35,dominating,0.25,MS-RG-WT,701.0,10.306416555826878,685,714,11.498018483800205,10,1.4702448724432067
er-n500-d35-g00,er,500,35,dominating,0.5,CARE-DS,734.2,7.927448797970529,722,747,17.83517492389992,10,1.0797396891814939
er-n500-d35-g00,er,500,35,dominating,0.5,MS-RG-WT,636.4,6.850790708621402,626,647,17.53382394170012,10,1.0764913118512576
er-n500-d35-g01,er,500,35,connected,0.25,CARE-DS,746.4,8.884443332777428,731,757,65.53430593209987,10,1.190305912751531
er-n500-d35-g01,er,500,35,connected,0.25,MS-RG-WT,684.0,3.858612300930085,678,690,70.69986214600003,10,0.5641246053991352
er-n500-d35-g01,er,500,35,connected,0.5,CARE-DS,724.2,6.779052703405939,714,735,61.28093326230019,10,0.9360746621659678
er-n500-d35-g01,er,500,35,connected,0.5,MS-RG-WT,629.4,9.131143289740756,615,643,74.44891475119985,10,1.450769509015055
er-n500-d35-g01,er,500,35,dominating,0.25,CARE-DS,758.0,12.79756921363499,737,776,16.37632666829977,10,1.6883336693449855
er-n500-d35-g01,er,500,35,dominating,0.25,MS-RG-WT,701.9,9.060905032059429,684,718,14.801496787600081,10,1.2909111030145932
er-n500-d35-g01,er,500,35,dominating,0.5,CARE-DS,738.1,9.048634028281707,723,748,17.36344327760016,10,1.2259360558571613
er-n500-d35-g01,er,500,35,dominating,0.5,MS-RG-WT,638.9,7.8379419067337635,628,655,19.16395915639987,10,1.226786963019841
rgg-n100-d15-g00,rgg,100,15,connected,0.25,CARE-DS,261.1,13.059266612043883,244,277,0.7658877614000176,10,5.001634091169621
rgg-n100-d15-g00,rgg,100,15,connected,0.25,MS-RG-WT,238.6,6.380525927469545,228,246,0.9478445271999135,10,2.6741516879587364
rgg-n100-d15-g00,rgg,100,15,connected,0.5,CARE-DS,265.2,7.74309728439179,250,276,0.5466606021999724,10,2.9197199413242045
rgg-n100-d15-g00,rgg,100,15,connected,0.5,MS-RG-WT,216.4,8.694826047713661,203,233,0.6897800473000189,10,4.017941796540509
rgg-n100-d15-g00,rgg,100,15,dominating,0.25,CARE-DS,380.8,0.6324555320336752,379,381,0.5447414795000896,10,0.1660860115634651
rgg-n100-d15-g00,rgg,100,15,dominating,0.25,MS-RG-WT,329.7,7.1655037816223714,316,340,0.5432838368999,10,2.17334054644294
rgg-n100-d15-g00,rgg,100,15,dominating,0.5,CARE-DS,380.2,0.6324555320336758,379,381,0.3781332711999312,10,0.16634811468534344
rgg-n100-d15-g00,rgg,100,15,dominating,0.5,MS-RG-WT,301.2,7.81451640644939,288,315,0.4578131263999694,10,2.5944609583165303
rgg-n100-d15-g01,rgg,100,15,connected,0.25,CARE-DS,131.0,0.0,131,131,0.3683399202999681,10,0.0
rgg-n100-d15-g01,rgg,100,15,connected,0.25,MS-RG-WT,112.2,0.6324555320336769,112,114,0.38654345989994,10,0.5636858574275195
rgg-n100-d15-g01,rgg,100,15,connected,0.5,CARE-DS,131.0,0.0,131,131,0.3299984170000243,10,0.0
rgg-n100-d15-g01,rgg,100,15,connected,0.5,MS-RG-WT,99.0,0.0,99,99,0.4273811127000954,10,0.0
rgg-n100-d15-g01,rgg,100,15,dominating,0.25,CARE-DS,262.0,0.0,262,262,0.34780726390008565,10,0.0
rgg-n100-d15-g01,rgg,100,15,dominating,0.25,MS-RG-WT,221.4,1.173787790777269,219,223,0.3182242321001467,10,0.5301661204956047
rgg-n100-d15-g01,rgg,100,15,dominating,0.5,CARE-DS,262.0,0.0,262,262,0.34074116169995244,10,0.0
rgg-n100-d15-g01,rgg,100,15,dominating,0.5,MS-RG-WT,207.3,11.065963833103538,190,222,0.34082483939996566,10,5.338139813363983
rgg-n100-d35-g00,rgg,100,35,connected,0.25,CARE-DS,1009.9,15.336593856235146,986,1035,1.8391501468000115,10,1.5186249981419095
rgg-n100-d35-g00,rgg,100,35,connected,0.25,MS-RG-WT,874.4,5.189733454940944,868,883,2.4854068124998774,10,0.5935193795678115
rgg-n100-d35-g00,rgg,100,35,connected,0.5,CARE-DS,988.8,12.72617599892267,964,1013,1.4717230074000782,10,1.2870323623505937
rgg-n100-d35-g00,rgg,100,35,connected,0.5,MS-RG-WT,772.5,14.308117354223162,751,800,2.664620016700064,10,1.8521834762748428
rgg-n100-d35-g00,rgg,100,35,dominating,0.25,CARE-DS,1194.6,0.9660917830792818,1192,1195,1.0472889733000101,10,0.08087157065790071
rgg-n100-d35-g00,rgg,100,35,dominating,0.25,MS-RG-WT,993.3,6.429964575675706,986,1008,1.0795270390000042,10,0.6473335926382469
rgg-n100-d35-g00,rgg,100,35,dominating,0.5,CARE-DS,1192.3,0.823272602348575,1191,1194,1.0371999155999674,10,0.06904911535256018
rgg-n100-d35-g00,rgg,100,35,dominating,0.5,MS-RG-WT,863.2,14.382087624696382,838,891,1.2209330224999575,10,1.6661361937785428
rgg-n100-d35-g01,rgg,100,35,connected,0.25,CARE-DS,709.9,8.82483868281895,699,724,1.561934619500016,10,1.2431101116803704
rgg-n100-d35-g01,rgg,100,35,connected,0.25,MS-RG-WT,610.5,8.181958472422396,599,628,1.9200278795000032,10,1.3402061379889265
rgg-n100-d35-g01,rgg,100,35,connected,0.5,CARE-DS,711.3,11.728881731293354,696,724,1.118148255300048,10,1.6489359948394988
rgg-n100-d35-g01,rgg,100,35,connected,0.5,MS-RG-WT,538.6,9.946523680831096,523,554,1.735918788400022,10,1.8467366655831963
rgg-n100-d35-g01,rgg,100,35,dominating,0.25,CARE-DS,762.0,0.0,762,762,1.1220239493999997,10,0.0
rgg-n100-d35-g01,rgg,100,35,dominating,0.25,MS-RG-WT,633.7,5.77446486217072,625,642,1.0944582021999394,10,0.9112300555737288
rgg-n100-d35-g01,rgg,100,35,dominating,0.5,CARE-DS,762.0,0.0,762,762,1.0011039716999222,10,0.0
rgg-n100-d35-g01,rgg,100,35,dominating,0.5,MS-RG-WT,557.8,11.659998094148897,541,576,0.92093938109997,10,2.090354624264772
rgg-n500-d15-g00,rgg,500,15,connected,0.25,CARE-DS,103.0,0.0,103,103,9.959169735299929,10,0.0
rgg-n500-d15-g00,rgg,500,15,connected,0.25,MS-RG-WT,112.9,4.58136321294098,105,118,12.54481027210004,10,4.057894785598743
rgg-n500-d15-g00,rgg,500,15,connected,0.5,CARE-DS,106.1,4.094712037087184,103,112,10.924794722900014,10,3.8592950396674692
rgg-n500-d15-g00,rgg,500,15,connected,0.5,MS-RG-WT,109.1,3.6953424138441573,105,117,13.501608188599993,10,3.387114953111052
rgg-n500-d15-g00,rgg,500,15,dominating,0.25,CARE-DS,245.4,6.131883886702357,228,248,2.51314455870006,10,2.498730190180259
rgg-n500-d15-g00,rgg,500,15,dominating,0.25,MS-RG-WT,222.0,8.39311887467612,206,232,2.6235110866000015,10,3.780684177782036
rgg-n500-d15-g00,rgg,500,15,dominating,0.5,CARE-DS,246.7,0.674948557710551,245,247,7.854966095899954,10,0.27359082193374584
rgg-n500-d15-g00,rgg,500,15,dominating,0.5,MS-RG-WT,213.8,7.612854625930774,201,226,5.373939804800057,10,3.560736494822626
rgg-n500-d15-g01,rgg,500,15,connected,0.25,CARE-DS,199.2,6.408327915038883,190,211,13.079532633900044,10,3.2170320858628934
rgg-n500-d15-g01,rgg,500,15,connected,0.25,MS-RG-WT,192.5,9.32440048713291,180,207,16.931565035000084,10,4.843844408900213
rgg-n500-d15-g01,rgg,500,15,connected,0.5,CARE-DS,217.2,6.390965845976994,207,225,17.051926605800055,10,2.9424336307444725
rgg-n500-d15-g01,rgg,500,15,connected,0.5,MS-RG-WT,182.4,8.140434058861153,170,194,18.119796579899912,10,4.462957269112475
rgg-n500-d15-g01,rgg,500,15,dominating,0.25,CARE-DS,305.6,7.486283753935881,300,316,3.933090255399975,10,2.449700181261741
rgg-n500-d15-g01,rgg,500,15,dominating,0.25,MS-RG-WT,275.3,8.692908987598264,264,290,3.128905332300019,10,3.157613144786874
rgg-n500-d15-g01,rgg,500,15,dominating,0.5,CARE-DS,274.5,0.9718253158075534,272,275,4.3344409584,10,0.3540347234271597
rgg-n500-d15-g01,rgg,500,15,dominating,0.5,MS-RG-WT,242.7,13.0728726758888,224,269,3.5935153884999638,10,5.38643291136745
rgg-n500-d35-g00,rgg,500,35,connected,0.25,CARE-DS,340.5,14.331395217803774,312,352,33.627094228700024,10,4.208926642526806
rgg-n500-d35-g00,rgg,500,35,connected,0.25,MS-RG-WT,328.4,9.143303560529956,319,346,43.22284320389999,10,2.7841971865194752
rgg-n500-d35-g00,rgg,500,35,connected,0.5,CARE-DS,345.3,9.117138927438932,322,351,28.3094962492999,10,2.6403530053399744
rgg-n500-d35-g00,rgg,500,35,connected,0.5,MS-RG-WT,297.7,12.247902314727657,284,315,39.46450582790003,10,4.114176121843352
rgg-n500-d35-g00,rgg,500,35,dominating,0.25,CARE-DS,437.8,0.42163702135577913,437,438,5.460990779699932,10,0.09630813644490158
rgg-n500-d35-g00,rgg,500,35,dominating,0.25,MS-RG-WT,369.0,4.496912521077342,364,377,3.3934638314999575,10,1.2186754799667594
rgg-n500-d35-g00,rgg,500,35,dominating,0.5,CARE-DS,437.3,0.674948557710554,436,438,9.575476210000124,10,0.15434451354003065
rgg-n500-d35-g00,rgg,500,35,dominating,0.5,MS-RG-WT,324.9,10.289692793168209,308,337,5.401852223900096,10,3.1670337929111136
rgg-n500-d35-g01,rgg,500,35,connected,0.25,CARE-DS,541.0,11.343133018115694,525,558,39.98272155019995,10,2.0966974155481872
rgg-n500-d35-g01,rgg,500,35,connected,0.25,MS-RG-WT,450.3,14.651886492113489,430,469,47.21884988739989,10,3.253805572310346
rgg-n500-d35-g01,rgg,500,35,connected,0.5,CARE-DS,543.0,14.61354014452198,518,561,38.439315410100065,10,2.6912596951237533
rgg-n500-d35-g01,rgg,500,35,connected,0.5,MS-RG-WT,395.4,14.080719678577033,370,418,47.2985143544001,10,3.5611329485526135
rgg-n500-d35-g01,rgg,500,35,dominating,0.25,CARE-DS,597.9,2.8067379246694446,590,599,8.780877882499999,10,0.46943266845115317
rgg-n500-d35-g01,rgg,500,35,dominating,0.25,MS-RG-WT,500.1,6.983313444681309,485,508,5.241310939699997,10,1.396383412253811
rgg-n500-d35-g01,rgg,500,35,dominating,0.5,CARE-DS,598.2,0.788810637746627,597,599,10.266759475100162,10,0.1318640317195966
rgg-n500-d35-g01,rgg,500,35,dominating,0.5,MS-RG-WT,449.0,11.642832797715325,432,470,6.709810489499932,10,2.593058529557979
watts_strogatz-n100-d15-g00,watts_strogatz,100,15,connected,0.25,CARE-DS,401.0,7.039570693980956,391,412,0.5788715717998457,10,1.7555039137109614
watts_strogatz-n100-d15-g00,watts_strogatz,100,15,connected,0.25,MS-RG-WT,358.1,6.154492487425559,350,368,0.7199966117000258,10,1.7186519093620662
watts_strogatz-n100-d15-g00,watts_strogatz,100,15,connected,0.5,CARE-DS,384.4,9.41865760663966,372,401,0.5569354278998617,10,2.4502231026638035
watts_strogatz-n100-d15-g00,watts_strogatz,100,15,connected,0.5,MS-RG-WT,318.6,7.763160868271806,308,336,0.6618147872000009,10,2.4366481068021986
watts_strogatz-n100-d15-g00,watts_strogatz,100,15,dominating,0.25,CARE-DS,501.2,10.475367933076802,487,521,0.3050951664999047,10,2.0900574487383885
watts_strogatz-n100-d15-g00,watts_strogatz,100,15,dominating,0.25,MS-RG-WT,447.8,10.097304370749427,432,463,0.36653360930013146,10,2.2548692208015693
watts_strogatz-n100-d15-g00,watts_strogatz,100,15,dominating,0.5,CARE-DS,492.2,8.270429251254129,471,500,0.2550414866999745,10,1.6802985069593923
watts_strogatz-n100-d15-g00,watts_strogatz,100,15,dominating,0.5,MS-RG-WT,402.6,13.582668695395942,383,426,0.32225542890018916,10,3.3737378776442974
watts_strogatz-n100-d15-g01,watts_strogatz,100,15,connected,0.25,CARE-DS,395.3,10.82230207590891,378,407,0.5894811113000287,10,2.7377440111077433
watts_strogatz-n100-d15-g01,watts_strogatz,100,15,connected,0.25,MS-RG-WT,360.3,6.5157927802805045,350,371,0.7194516747998932,10,1.8084354094589243
watts_strogatz-n100-d15-g01,watts_strogatz,100,15,connected,0.5,CARE-DS,387.2,8.651268372004443,375,401,0.7593427083997994,10,2.234315178720156
watts_strogatz-n100-d15-g01,watts_strogatz,100,15,connected,0.5,MS-RG-WT,323.0,13.474255287605157,299,341,0.760271235700111,10,4.171596064274042
watts_strogatz-n100-d15-g01,watts_strogatz,100,15,dominating,0.25,CARE-DS,508.8,7.405703507732698,499,521,0.4176220362000095,10,1.4555234881550112
watts_strogatz-n100-d15-g01,watts_strogatz,100,15,dominating,0.25,MS-RG-WT,444.9,8.761658899242006,435,461,0.5075889413001278,10,1.9693546637990573
watts_strogatz-n100-d15-g01,watts_strogatz,100,15,dominating,0.5,CARE-DS,485.6,9.430447143870394,469,495,0.494249125600254,10,1.9420195930540347
watts_strogatz-n100-d15-g01,watts_strogatz,100,15,dominating,0.5,MS-RG-WT,400.7,10.729502421930952,386,421,0.5420671371000936,10,2.677689648597692
watts_strogatz-n100-d35-g00,watts_strogatz,100,35,connected,0.25,CARE-DS,1051.7,13.727911551126613,1034,1081,1.6170488198001294,10,1.3053067938696028
watts_strogatz-n100-d35-g00,watts_strogatz,100,35,connected,0.25,MS-RG-WT,917.2,8.991353871606034,900,928,2.8118170318998637,10,0.9803046087664667
watts_strogatz-n100-d35-g00,watts_strogatz,100,35,connected,0.5,CARE-DS,1038.4,24.404917537250537,999,1073,1.4091148818000874,10,2.350242443880059
watts_strogatz-n100-d35-g00,watts_strogatz,100,35,connected,0.5,MS-RG-WT,811.7,13.565069521057055,791,829,2.252773175800212,10,1.6711924998222316
watts_strogatz-n100-d35-g00,watts_strogatz,100,35,dominating,0.25,CARE-DS,1126.4,11.673331429659088,1102,1142,1.099688956799946,10,1.0363397931160412
watts_strogatz-n100-d35-g00,watts_strogatz,100,35,dominating,0.25,MS-RG-WT,960.2,7.177124153246295,948,968,1.1473435294999035,10,0.7474613781760356
watts_strogatz-n100-d35-g00,watts_strogatz,100,35,dominating,0.5,CARE-DS,1105.3,24.1064767691636,1055,1147,0.7884795310998924,10,2.1809894842272324
watts_strogatz-n100-d35-g00,watts_strogatz,100,35,dominating,0.5,MS-RG-WT,854.2,17.3832614252268,830,879,1.1184030312000686,10,2.0350341167439474
watts_strogatz-n100-d35-g01,watts_strogatz,100,35,connected,0.25,CARE-DS,1104.9,18.447824322185603,1087,1151,1.911319171699961,10,1.669637462411585
watts_strogatz-n100-d35-g01,watts_strogatz,100,35,connected,0.25,MS-RG-WT,964.4,11.027239001672166,950,982,2.6208475636000914,10,1.1434300084687026
watts_strogatz-n100-d35-g01,watts_strogatz,100,35,connected,0.5,CARE-DS,1075.6,22.589082908933353,1034,1109,1.5944321001001298,10,2.100137868067437
watts_strogatz-n100-d35-g01,watts_strogatz,100,35,connected,0.5,MS-RG-WT,851.9,6.903300337922104,840,860,2.38354015040004,10,0.8103416290553005
watts_strogatz-n100-d35-g01,watts_strogatz,100,35,dominating,0.25,CARE-DS,1162.2,16.287691330845174,1135,1181,0.9437129879996974,10,1.4014533927762152
watts_strogatz-n100-d35-g01,watts_strogatz,100,35,dominating,0.25,MS-RG-WT,990.9,10.213825053437226,975,1007,1.1409089573999154,10,1.0307624435803033
watts_strogatz-n100-d35-g01,watts_strogatz,100,35,dominating,0.5,CARE-DS,1150.9,21.465476157464227,1126,1179,0.8858414095000626,10,1.865103497911567
watts_strogatz-n100-d35-g01,watts_strogatz,100,35,dominating,0.5,MS-RG-WT,873.6,23.224508127789868,840,926,1.2228991232000226,10,2.6584830732360194
watts_strogatz-n500-d15-g00,watts_strogatz,500,15,connected,0.25,CARE-DS,377.0,7.972173828734267,359,390,22.386558278900246,10,2.114634967834023
watts_strogatz-n500-d15-g00,watts_strogatz,500,15,connected,0.25,MS-RG-WT,355.2,5.202563470700441,345,361,23.916876115500052,10,1.4646856617962953
watts_strogatz-n500-d15-g00,watts_strogatz,500,15,connected,0.5,CARE-DS,360.2,6.124631508189785,352,373,22.876439687399944,10,1.700341895666237
watts_strogatz-n500-d15-g00,watts_strogatz,500,15,connected,0.5,MS-RG-WT,329.7,9.59224223584409,306,337,20.902713204999962,10,2.9093849668923535
watts_strogatz-n500-d15-g00,watts_strogatz,500,15,dominating,0.25,CARE-DS,480.4,7.321202087089244,470,491,5.2056634167998705,10,1.5239804511010082
watts_strogatz-n500-d15-g00,watts_strogatz,500,15,dominating,0.25,MS-RG-WT,428.1,8.345990387938125,413,444,4.620655598500162,10,1.9495422536645934
watts_strogatz-n500-d15-g00,watts_strogatz,500,15,dominating,0.5,CARE-DS,463.7,11.557104597028909,450,490,6.120671694099928,10,2.492366745100045
watts_strogatz-n500-d15-g00,watts_strogatz,500,15,dominating,0.5,MS-RG-WT,402.3,11.136027618101126,390,419,6.6309504920001014,10,2.7680903848126093
watts_strogatz-n500-d15-g01,watts_strogatz,500,15,connected,0.25,CARE-DS,369.0,7.8881063774661495,359,385,20.299892158799775,10,2.1376982052753792
watts_strogatz-n500-d15-g01,watts_strogatz,500,15,connected,0.25,MS-RG-WT,345.8,7.420691791650331,334,357,20.383432588600044,10,2.145949043276556
watts_strogatz-n500-d15-g01,watts_strogatz,500,15,connected,0.5,CARE-DS,351.7,4.643992535164828,342,359,19.342637835199913,10,1.320441437351387
watts_strogatz-n500-d15-g01,watts_strogatz,500,15,connected,0.5,MS-RG-WT,312.2,6.679986693266876,303,322,19.650474926699918,10,2.139649805658833
watts_strogatz-n500-d15-g01,watts_strogatz,500,15,dominating,0.25,CARE-DS,462.6,9.822875795249011,450,480,5.00201777150005,10,2.1234059220166475
watts_strogatz-n500-d15-g01,watts_strogatz,500,15,dominating,0.25,MS-RG-WT,419.2,9.25922962958222,400,432,4.3178908575000605,10,2.208785694079728
watts_strogatz-n500-d15-g01,watts_strogatz,500,15,dominating,0.5,CARE-DS,455.5,7.792446485040639,443,468,5.179717136400086,10,1.710745660821216
watts_strogatz-n500-d15-g01,watts_strogatz,500,15,dominating,0.5,MS-RG-WT,381.2,9.507891459203769,364,401,5.040148388600028,10,2.4942002778603802
watts_strogatz-n500-d35-g00,watts_strogatz,500,35,connected,0.25,CARE-DS,918.3,7.42443413481607,909,932,54.38346119170001,10,0.8084976733982435
watts_strogatz-n500-d35-g00,watts_strogatz,500,35,connected,0.25,MS-RG-WT,838.5,5.8736700622353615,831,846,59.88633400770004,10,0.700497324059077
watts_strogatz-n500-d35-g00,watts_strogatz,500,35,connected,0.5,CARE-DS,887.6,9.879271228182777,864,901,48.82494125870007,10,1.1130319094392493
watts_strogatz-n500-d35-g00,watts_strogatz,500,35,connected,0.5,MS-RG-WT,744.5,10.533016872883302,731,760,55.47387091120008,10,1.4147772831273744
watts_strogatz-n500-d35-g00,watts_strogatz,500,35,dominating,0.25,CARE-DS,1037.8,6.268084945889688,1027,1045,9.415983458300161,10,0.6039781215927624
watts_strogatz-n500-d35-g00,watts_strogatz,500,35,dominating,0.25,MS-RG-WT,930.1,6.8223488949513875,919,939,8.890408893099993,10,0.7335070309591858
watts_strogatz-n500-d35-g00,watts_strogatz,500,35,dominating,0.5,CARE-DS,1016.4,12.946041866145807,996,1040,11.79375677140024,10,1.2737152564094654
watts_strogatz-n500-d35-g00,watts_strogatz,500,35,dominating,0.5,MS-RG-WT,840.5,12.903487900563942,824,856,11.555730449200109,10,1.5352156931069532
watts_strogatz-n500-d35-g01,watts_strogatz,500,35,connected,0.25,CARE-DS,932.0,16.220700080795254,910,953,49.77331314079974,10,1.7404184636046411
watts_strogatz-n500-d35-g01,watts_strogatz,500,35,connected,0.25,MS-RG-WT,842.2,5.996295152471676,833,849,59.06406573969989,10,0.7119799516114552
watts_strogatz-n500-d35-g01,watts_strogatz,500,35,connected,0.5,CARE-DS,888.2,17.376868404737237,860,911,51.35776583090001,10,1.9564139163180856
watts_strogatz-n500-d35-g01,watts_strogatz,500,35,connected,0.5,MS-RG-WT,755.1,7.70930174097067,747,772,61.33845188730011,10,1.0209643412754164
watts_strogatz-n500-d35-g01,watts_strogatz,500,35,dominating,0.25,CARE-DS,1052.2,7.583608053631942,1039,1065,7.3754518551000725,10,0.7207382677848263
watts_strogatz-n500-d35-g01,watts_strogatz,500,35,dominating,0.25,MS-RG-WT,940.8,9.704523572941522,929,962,8.15845979199985,10,1.0315182369198046
watts_strogatz-n500-d35-g01,watts_strogatz,500,35,dominating,0.5,CARE-DS,1031.4,11.520030864156197,1014,1051,12.63064597399989,10,1.1169314392239864
watts_strogatz-n500-d35-g01,watts_strogatz,500,35,dominating,0.5,MS-RG-WT,856.3,20.31447212648597,827,883,11.869742206000229,10,2.3723545634107173
