instance_id,topology,n,target_degree,algorithm,repeat_mean,repeat_sd,repeat_min,repeat_max,mean_runtime_s,repeats,repeat_cv_pct
barabasi_albert-n100-d15-g00,barabasi_albert,100,15,FSS-2026-R,6.0,0.0,6,6,0.5025235312001314,10,0.0
barabasi_albert-n100-d15-g00,barabasi_albert,100,15,MC-CMSA-R,5.9,0.31622776601683794,5,6,0.5097862679999707,10,5.359792644353185
barabasi_albert-n100-d15-g00,barabasi_albert,100,15,PBIG-R,5.9,0.3162277660168379,5,6,0.5045793113002219,10,5.359792644353185
barabasi_albert-n100-d15-g01,barabasi_albert,100,15,FSS-2026-R,6.0,0.0,6,6,0.5041593813999498,10,0.0
barabasi_albert-n100-d15-g01,barabasi_albert,100,15,MC-CMSA-R,5.9,0.31622776601683794,5,6,0.5128355658998771,10,5.359792644353185
barabasi_albert-n100-d15-g01,barabasi_albert,100,15,PBIG-R,5.7,0.4830458915396479,5,6,0.5048506055999497,10,8.47448932525698
barabasi_albert-n100-d35-g00,barabasi_albert,100,35,FSS-2026-R,11.9,0.316227766016838,11,12,0.5041477963999569,10,2.6573761850154454
barabasi_albert-n100-d35-g00,barabasi_albert,100,35,MC-CMSA-R,11.0,0.0,11,11,0.5086064603001432,10,0.0
barabasi_albert-n100-d35-g00,barabasi_albert,100,35,PBIG-R,11.7,0.4830458915396481,11,12,0.503989152899976,10,4.128597363586737
barabasi_albert-n100-d35-g01,barabasi_albert,100,35,FSS-2026-R,11.1,0.3162277660168379,11,12,0.5055465869997533,10,2.848898792944486
barabasi_albert-n100-d35-g01,barabasi_albert,100,35,MC-CMSA-R,11.2,0.42163702135578407,11,12,0.5088005714000247,10,3.764616262105215
barabasi_albert-n100-d35-g01,barabasi_albert,100,35,PBIG-R,11.0,0.0,11,11,0.5034495920001063,10,0.0
barabasi_albert-n1000-d15-g00,barabasi_albert,1000,15,FSS-2026-R,3.9,0.31622776601683794,3,4,0.8392484533998867,10,8.108404256841999
barabasi_albert-n1000-d15-g00,barabasi_albert,1000,15,MC-CMSA-R,3.7,0.48304589153964794,3,4,1.40869121249998,10,13.05529436593643
barabasi_albert-n1000-d15-g00,barabasi_albert,1000,15,PBIG-R,4.0,0.0,4,4,1.7733311302001311,10,0.0
barabasi_albert-n1000-d15-g01,barabasi_albert,1000,15,FSS-2026-R,4.0,0.0,4,4,0.888809840399972,10,0.0
barabasi_albert-n1000-d15-g01,barabasi_albert,1000,15,MC-CMSA-R,3.7,0.48304589153964794,3,4,1.5546622445999674,10,13.05529436593643
barabasi_albert-n1000-d15-g01,barabasi_albert,1000,15,PBIG-R,4.0,0.0,4,4,1.6328223624000202,10,0.0
barabasi_albert-n1000-d35-g00,barabasi_albert,1000,35,FSS-2026-R,8.3,0.48304589153964816,8,9,0.9515930839000248,10,5.819830018549978
barabasi_albert-n1000-d35-g00,barabasi_albert,1000,35,MC-CMSA-R,7.6,0.5163977794943222,7,8,2.2614049066998634,10,6.794707624925293
barabasi_albert-n1000-d35-g00,barabasi_albert,1000,35,PBIG-R,8.0,0.0,8,8,1.0203395095001724,10,0.0
barabasi_albert-n1000-d35-g01,barabasi_albert,1000,35,FSS-2026-R,8.7,0.48304589153964805,8,9,0.7824390978001248,10,5.552251626892507
barabasi_albert-n1000-d35-g01,barabasi_albert,1000,35,MC-CMSA-R,7.6,0.5163977794943222,7,8,2.0051831970999046,10,6.794707624925293
barabasi_albert-n1000-d35-g01,barabasi_albert,1000,35,PBIG-R,8.0,0.0,8,8,0.8855616030001329,10,0.0
barabasi_albert-n500-d15-g00,barabasi_albert,500,15,FSS-2026-R,4.3,0.4830458915396479,4,5,0.5544685624000522,10,11.233625384642975
barabasi_albert-n500-d15-g00,barabasi_albert,500,15,MC-CMSA-R,3.8,0.4216370213557839,3,4,0.6307451028999822,10,11.095711088310104
barabasi_albert-n500-d15-g00,barabasi_albert,500,15,PBIG-R,4.0,0.0,4,4,0.6459458080001241,10,0.0
barabasi_albert-n500-d15-g01,barabasi_albert,500,15,FSS-2026-R,4.0,0.0,4,4,0.5617184322999492,10,0.0
barabasi_albert-n500-d15-g01,barabasi_albert,500,15,MC-CMSA-R,4.2,0.42163702135578385,4,5,0.6308203334000609,10,10.038976698947234
barabasi_albert-n500-d15-g01,barabasi_albert,500,15,PBIG-R,4.0,0.0,4,4,0.6914558006999869,10,0.0
barabasi_albert-n500-d35-g00,barabasi_albert,500,35,FSS-2026-R,9.3,0.4830458915396481,9,10,0.608029264400011,10,5.194041844512345
barabasi_albert-n500-d35-g00,barabasi_albert,500,35,MC-CMSA-R,8.2,0.42163702135578385,8,9,0.801310882099824,10,5.14191489458273
barabasi_albert-n500-d35-g00,barabasi_albert,500,35,PBIG-R,9.0,0.0,9,9,0.7176405997999609,10,0.0
barabasi_albert-n500-d35-g01,barabasi_albert,500,35,FSS-2026-R,9.0,0.0,9,9,0.5832485664999695,10,0.0
barabasi_albert-n500-d35-g01,barabasi_albert,500,35,MC-CMSA-R,8.6,0.6992058987801011,8,10,0.7926096819999657,10,8.130301148605826
barabasi_albert-n500-d35-g01,barabasi_albert,500,35,PBIG-R,8.0,0.0,8,8,0.7094979215000421,10,0.0
er-n100-d15-g00,er,100,15,FSS-2026-R,6.0,0.0,6,6,0.5050728225000057,10,0.0
er-n100-d15-g00,er,100,15,MC-CMSA-R,6.0,0.0,6,6,0.5087692871999934,10,0.0
er-n100-d15-g00,er,100,15,PBIG-R,6.0,0.0,6,6,0.5030810752000434,10,0.0
er-n100-d15-g01,er,100,15,FSS-2026-R,6.1,0.316227766016838,6,7,0.5026984814999196,10,5.184061737980951
er-n100-d15-g01,er,100,15,MC-CMSA-R,6.3,0.4830458915396479,6,7,0.5264473599001576,10,7.667395103803935
er-n100-d15-g01,er,100,15,PBIG-R,6.0,0.0,6,6,0.5038653790001263,10,0.0
er-n100-d35-g00,er,100,35,FSS-2026-R,15.9,0.31622776601683794,15,16,0.504114840800139,10,1.9888538743197353
er-n100-d35-g00,er,100,35,MC-CMSA-R,15.0,0.4714045207910315,14,16,0.5101340427999276,10,3.1426968052735433
er-n100-d35-g00,er,100,35,PBIG-R,15.0,0.0,15,15,0.5043802778001918,10,0.0
er-n100-d35-g01,er,100,35,FSS-2026-R,16.0,0.0,16,16,0.5058897349999825,10,0.0
er-n100-d35-g01,er,100,35,MC-CMSA-R,14.6,0.5163977794943223,14,15,0.507757349000076,10,3.536971092426865
er-n100-d35-g01,er,100,35,PBIG-R,15.0,0.0,15,15,0.5047112041000219,10,0.0
er-n1000-d15-g00,er,1000,15,FSS-2026-R,4.7,0.48304589153964794,4,5,0.6504600278999533,10,10.27757216041804
er-n1000-d15-g00,er,1000,15,MC-CMSA-R,4.0,0.47140452079103173,3,5,1.5004152988998611,10,11.785113019775793
er-n1000-d15-g00,er,1000,15,PBIG-R,5.0,0.0,5,5,0.6132279125003152,10,0.0
er-n1000-d15-g01,er,1000,15,FSS-2026-R,4.7,0.4830458915396479,4,5,0.6110581278000609,10,10.27757216041804
er-n1000-d15-g01,er,1000,15,MC-CMSA-R,4.0,0.6666666666666669,3,5,1.6172886545000438,10,16.66666666666667
er-n1000-d15-g01,er,1000,15,PBIG-R,5.0,0.0,5,5,0.9991753212000731,10,0.0
er-n1000-d35-g00,er,1000,35,FSS-2026-R,12.2,0.632455532033676,11,13,1.0894644138000331,10,5.184061737980951
er-n1000-d35-g00,er,1000,35,MC-CMSA-R,10.7,0.48304589153964794,10,11,1.7107620706999114,10,4.514447584482691
er-n1000-d35-g00,er,1000,35,PBIG-R,12.0,0.0,12,12,1.1283993144998932,10,0.0
er-n1000-d35-g01,er,1000,35,FSS-2026-R,12.4,0.5163977794943224,12,13,1.096777058999851,10,4.164498221728406
er-n1000-d35-g01,er,1000,35,MC-CMSA-R,10.4,0.6992058987801013,10,12,1.7517121410999608,10,6.723133642116359
er-n1000-d35-g01,er,1000,35,PBIG-R,12.0,0.0,12,12,1.0496598486000948,10,0.0
er-n500-d15-g00,er,500,15,FSS-2026-R,4.9,0.316227766016838,4,5,0.5687447111996334,10,6.453627877894652
er-n500-d15-g00,er,500,15,MC-CMSA-R,4.6,0.5163977794943222,4,5,0.6617306819000988,10,11.22603868465918
er-n500-d15-g00,er,500,15,PBIG-R,5.0,0.0,5,5,0.648270722700181,10,0.0
er-n500-d15-g01,er,500,15,FSS-2026-R,5.4,0.5163977794943223,5,6,0.5458509414999753,10,9.56292184248745
er-n500-d15-g01,er,500,15,MC-CMSA-R,5.1,0.316227766016838,5,6,0.6861473727000884,10,6.200544431702706
er-n500-d15-g01,er,500,15,PBIG-R,5.0,0.0,5,5,0.5975937145999524,10,0.0
er-n500-d35-g00,er,500,35,FSS-2026-R,13.1,0.5676462121975467,12,14,0.6398127994999413,10,4.333177192347685
er-n500-d35-g00,er,500,35,MC-CMSA-R,10.9,0.5676462121975467,10,12,0.8110146316001192,10,5.207763414656392
er-n500-d35-g00,er,500,35,PBIG-R,13.0,0.0,13,13,1.028474766799991,10,0.0
er-n500-d35-g01,er,500,35,FSS-2026-R,12.9,0.31622776601683794,12,13,0.6302366425999025,10,2.4513780311382782
er-n500-d35-g01,er,500,35,MC-CMSA-R,11.4,1.07496769977314,10,13,0.7708599243998833,10,9.429541226080177
er-n500-d35-g01,er,500,35,PBIG-R,13.0,0.0,13,13,0.9071121765000498,10,0.0
watts_strogatz-n100-d15-g00,watts_strogatz,100,15,FSS-2026-R,9.0,0.0,9,9,0.504499427799874,10,0.0
watts_strogatz-n100-d15-g00,watts_strogatz,100,15,MC-CMSA-R,8.7,0.48304589153964794,8,9,0.5138736314000198,10,5.552251626892505
watts_strogatz-n100-d15-g00,watts_strogatz,100,15,PBIG-R,9.0,0.0,9,9,0.5021674573000382,10,0.0
watts_strogatz-n100-d15-g01,watts_strogatz,100,15,FSS-2026-R,9.0,0.0,9,9,0.5031160869999439,10,0.0
watts_strogatz-n100-d15-g01,watts_strogatz,100,15,MC-CMSA-R,8.3,0.4830458915396482,8,9,0.5061785880000571,10,5.819830018549978
watts_strogatz-n100-d15-g01,watts_strogatz,100,15,PBIG-R,9.0,0.0,9,9,0.5031384037998577,10,0.0
watts_strogatz-n100-d35-g00,watts_strogatz,100,35,FSS-2026-R,20.0,0.0,20,20,0.5073709931000849,10,0.0
watts_strogatz-n100-d35-g00,watts_strogatz,100,35,MC-CMSA-R,18.8,0.42163702135578374,18,19,0.507533201500064,10,2.242750113594594
watts_strogatz-n100-d35-g00,watts_strogatz,100,35,PBIG-R,19.8,0.42163702135578396,19,20,0.5039600511997377,10,2.1294799058372926
watts_strogatz-n100-d35-g01,watts_strogatz,100,35,FSS-2026-R,19.7,0.6749485577105531,18,20,0.5361739079001382,10,3.4261348107134677
watts_strogatz-n100-d35-g01,watts_strogatz,100,35,MC-CMSA-R,18.2,0.42163702135578374,18,19,0.5910412508000263,10,2.3166869305262843
watts_strogatz-n100-d35-g01,watts_strogatz,100,35,PBIG-R,18.2,0.42163702135578374,18,19,0.5562321024999619,10,2.3166869305262843
watts_strogatz-n1000-d15-g00,watts_strogatz,1000,15,FSS-2026-R,7.1,0.31622776601683794,7,8,0.517734904000099,10,4.4539121974202525
watts_strogatz-n1000-d15-g00,watts_strogatz,1000,15,MC-CMSA-R,6.8,0.6324555320336759,6,8,0.9416351313999257,10,9.300816647554058
watts_strogatz-n1000-d15-g00,watts_strogatz,1000,15,PBIG-R,7.0,0.0,7,7,0.5442477324999345,10,0.0
watts_strogatz-n1000-d15-g01,watts_strogatz,1000,15,FSS-2026-R,7.4,0.5163977794943223,7,8,0.5198300030997416,10,6.978348371544896
watts_strogatz-n1000-d15-g01,watts_strogatz,1000,15,MC-CMSA-R,6.8,0.42163702135578407,6,7,1.08532491499991,10,6.200544431702706
watts_strogatz-n1000-d15-g01,watts_strogatz,1000,15,PBIG-R,7.0,0.0,7,7,0.5285469943000862,10,0.0
watts_strogatz-n1000-d35-g00,watts_strogatz,1000,35,FSS-2026-R,17.1,0.7378647873726215,16,18,0.9176084098000501,10,4.314998756565038
watts_strogatz-n1000-d35-g00,watts_strogatz,1000,35,MC-CMSA-R,15.4,0.699205898780101,15,17,1.5644604772999628,10,4.540298044026629
watts_strogatz-n1000-d35-g00,watts_strogatz,1000,35,PBIG-R,15.0,0.0,15,15,0.7840336459001265,10,0.0
watts_strogatz-n1000-d35-g01,watts_strogatz,1000,35,FSS-2026-R,17.3,0.6749485577105531,16,18,0.9154433877001793,10,3.901436749771983
watts_strogatz-n1000-d35-g01,watts_strogatz,1000,35,MC-CMSA-R,15.6,0.5163977794943223,15,16,1.6982045847001246,10,3.310242176245656
watts_strogatz-n1000-d35-g01,watts_strogatz,1000,35,PBIG-R,18.0,0.0,18,18,0.9351810724001552,10,0.0
watts_strogatz-n500-d15-g00,watts_strogatz,500,15,FSS-2026-R,8.0,0.0,8,8,0.6053752703999635,10,0.0
watts_strogatz-n500-d15-g00,watts_strogatz,500,15,MC-CMSA-R,7.2,0.42163702135578407,7,8,0.6820266312000968,10,5.856069741052556
watts_strogatz-n500-d15-g00,watts_strogatz,500,15,PBIG-R,8.0,0.0,8,8,0.804519235999851,10,0.0
watts_strogatz-n500-d15-g01,watts_strogatz,500,15,FSS-2026-R,8.0,0.0,8,8,0.580717531999926,10,0.0
watts_strogatz-n500-d15-g01,watts_strogatz,500,15,MC-CMSA-R,7.3,0.4830458915396479,7,8,0.5990975826999602,10,6.617067007392437
watts_strogatz-n500-d15-g01,watts_strogatz,500,15,PBIG-R,7.0,0.0,7,7,0.6916358636000041,10,0.0
watts_strogatz-n500-d35-g00,watts_strogatz,500,35,FSS-2026-R,17.9,0.3162277660168377,17,18,0.6767072920001738,10,1.7666355643398757
watts_strogatz-n500-d35-g00,watts_strogatz,500,35,MC-CMSA-R,16.2,0.4216370213557839,16,17,0.6188037777999853,10,2.6026976626900242
watts_strogatz-n500-d35-g00,watts_strogatz,500,35,PBIG-R,17.0,0.0,17,17,0.7506235147999177,10,0.0
watts_strogatz-n500-d35-g01,watts_strogatz,500,35,FSS-2026-R,17.8,0.4216370213557841,17,18,0.676896105600008,10,2.368747310987551
watts_strogatz-n500-d35-g01,watts_strogatz,500,35,MC-CMSA-R,15.7,0.4830458915396481,15,16,0.6595303870999487,10,3.076725423819415
watts_strogatz-n500-d35-g01,watts_strogatz,500,35,PBIG-R,16.1,0.31622776601683794,16,17,0.6954421525001635,10,1.9641476150114154
