mode,n,pairs,mean_ratio,median_ratio,care_mean_s,matched_mean_s
connected,50,1800,1.177032493676013,0.9258883668911306,0.17762724929722098,0.1676072197339033
connected,100,1800,1.0314380646861967,0.8977212572714985,0.3520261265755456,0.3619344571683145
connected,150,1800,1.2172187535391708,0.9612518267416787,0.7696589347772161,0.6480239358455486
connected,200,1800,1.0321531542604707,0.935069414850344,0.9939919316894394,1.037524737597782
connected,250,1800,1.0246929545846133,0.9044793392510075,1.4334173698677708,1.5574622928516693
connected,500,1800,1.0540582329409172,0.9481445035597136,7.067753297529986,7.1128128473805505
dominating,50,1800,1.1151869976696,0.975402304604039,0.11829980946222483,0.1075992877489033
dominating,100,1800,1.2811632252384701,1.1326680864379546,0.2271064057649856,0.18082865308056156
dominating,150,1800,1.3506881657581773,1.2059971690804956,0.34035947839221825,0.25555098660722186
dominating,200,1800,1.3759450157399487,1.2362209013406864,0.4600087628188929,0.341097144592785
dominating,250,1800,1.3879667766630075,1.2815566924072814,0.6099284115638834,0.44922624952388057
dominating,500,1800,1.3953815689697608,1.2773020181256838,1.4743663679338743,1.0967529837389014
