study,pairs,care_mean,best_competitor_mean,relative_improvement_pct,mean_instance_improvement_pct,mean_difference,ci95_low,ci95_high,wins,ties,losses,rank_biserial,p_raw,mode,switch_cost,failure_scenario,energy_model,p_holm
unit,2700,518.3044444444445,556.7237037037037,-6.900956255979085,-5.559751782172024,-38.419259259259256,-39.859712962962966,-36.95183333333333,72,714,1914,-0.9860371366551264,0.0,connected,0.0,none,unit,0.0
unit,2700,501.03925925925927,512.0777777777778,-2.1556331865095757,-1.8635216491368172,-11.038518518518519,-11.941925925925926,-10.145175925925926,638,544,1518,-0.5739637870573694,6.292278973203195e-118,connected,0.1,none,unit,1.8876836919609585e-117
unit,2700,495.3085185185185,479.5814814814815,3.2793253376786735,2.221818611488198,15.727037037037038,14.565157407407408,16.84075925925926,1577,542,581,0.6112035701147126,1.4204176109010197e-133,connected,0.25,none,unit,5.681670443604079e-133
unit,2700,486.61185185185184,470.2614814814815,3.476867873350198,2.398742902841685,16.35037037037037,15.095694444444444,17.615620370370372,1582,483,635,0.5601599737742577,1.556584383054646e-115,connected,0.5,none,unit,3.113168766109292e-115
unit,2700,562.4337037037037,596.6611111111112,-5.736490408042294,-4.367123606851635,-34.227407407407405,-35.799203703703704,-32.730361111111115,118,1033,1549,-0.9735419822510318,9.324728510847209e-260,dominating,0.0,none,unit,6.527309957593046e-259
unit,2700,543.5470370370371,552.3092592592593,-1.586470274638141,-1.1356806084183784,-8.762222222222222,-9.677425925925926,-7.8527499999999995,843,638,1219,-0.4427027771652688,5.0286313724758686e-68,dominating,0.1,none,unit,5.0286313724758686e-68
unit,2700,537.1814814814815,522.1344444444444,2.881831910753796,2.293171627925336,15.047037037037038,14.168462962962964,15.959398148148148,1719,630,351,0.7511482468969926,6.983448915153619e-193,dominating,0.25,none,unit,4.190069349092171e-192
unit,2700,528.9851851851852,514.5203703703704,2.811320143535312,2.189899091886664,14.464814814814815,13.499953703703703,15.467805555555556,1807,434,459,0.6489378476479174,6.602679268771217e-158,dominating,0.5,none,unit,3.301339634385608e-157
radio,450,1144.98,1184.0977777777778,-3.303593547079442,-2.8095631522250937,-39.117777777777775,-46.80905555555555,-31.563666666666663,125,16,309,-0.5813761322103925,9.078892956193295e-26,connected,0.0,none,radio,3.631557182477318e-25
radio,450,1126.5311111111112,1108.8733333333332,1.5924071079153501,1.2259659234682418,17.657777777777778,9.830222222222222,25.887,236,13,201,0.1559407751063185,0.004730650572977704,connected,0.0001,none,radio,0.004730650572977704
radio,450,237.45555555555555,249.97555555555556,-5.008489718994746,-3.9604632550846985,-12.52,-19.242277777777776,-5.917666666666658,169,10,271,-0.25350443207586065,4.0663293040786054e-06,dominating,0.0,none,radio,1.2198987912235816e-05
radio,450,235.82444444444445,223.86444444444444,5.342518786170203,12.785833719538566,11.96,4.857444444444445,18.98305555555556,261,14,175,0.20504692125207313,0.00020708082949811462,dominating,0.0001,none,radio,0.00041416165899622924
failures,450,443.06444444444446,428.53333333333336,3.3908940053930747,2.2352639837106785,14.53111111111111,12.068833333333334,17.013444444444442,252,100,98,0.6396743996743997,3.2944628352134225e-25,connected,0.25,none,unit,1.317785134085369e-24
failures,450,425.2733333333333,411.7911111111111,3.274044013685473,2.0325506180559327,13.482222222222223,11.117444444444445,16.060166666666667,230,125,95,0.6095327984898538,1.6622932781726045e-21,connected,0.25,random,unit,1.665449609849315e-21
failures,450,491.00888888888886,476.99555555555554,2.9378331034996874,2.1057093129841573,14.013333333333334,11.44,16.50238888888889,281,51,118,0.5628696741854636,1.9611929627352808e-22,connected,0.25,targeted,unit,5.883578888205842e-22
failures,450,503.6688888888889,490.05333333333334,2.7783823982877154,2.1744782205369275,13.615555555555556,11.626333333333333,15.751722222222226,282,108,60,0.7421956251172148,1.1126284092431973e-32,dominating,0.25,none,unit,6.675770455459183e-32
failures,450,486.6377777777778,475.3066666666667,2.3839579593058158,1.589029012504236,11.331111111111111,9.426499999999999,13.308944444444444,239,149,62,0.7019647532507536,4.6676777328370854e-26,dominating,0.25,random,unit,2.3338388664185425e-25
failures,450,571.2088888888889,559.2711111111112,2.1345243014717408,1.7079001840926957,11.937777777777777,9.697666666666667,14.320111111111112,264,81,105,0.5763568446495275,8.327248049246575e-22,dominating,0.25,targeted,unit,1.665449609849315e-21
