study,mode,switch_cost,failure_scenario,energy_model,algorithm,instances,mean_lifetime,median_lifetime,sd_lifetime,mean_runtime_s,mean_switches,validity
unit,connected,0.0,none,unit,CARE-DS,2700,518.3044444444445,450.5,492.97272625914167,2.0789326712618403,7548.093333333333,1.0
unit,connected,0.0,none,unit,D-EAA-ER,2700,482.59407407407406,435.5,473.77621338816584,0.8770558893118623,771.692962962963,1.0
unit,connected,0.0,none,unit,DWG,2700,556.1,486.0,511.4373735916597,1.0035829078607437,14582.121111111112,1.0
unit,connected,0.0,none,unit,MS-RG-WT,2700,517.4462962962963,447.5,492.954844183734,1.857724028537019,9855.23074074074,1.0
unit,connected,0.1,none,unit,CARE-DS,2700,501.03925925925927,436.0,485.56007234959077,1.7728770077459228,1246.6044444444444,1.0
unit,connected,0.1,none,unit,D-EAA-ER,2700,474.0888888888889,428.0,471.0482695793301,0.8880499532607499,766.5825925925926,1.0
unit,connected,0.1,none,unit,DWG,2700,503.59037037037035,441.0,488.4946013292629,0.8775193075585273,13163.167037037038,1.0
unit,connected,0.1,none,unit,MS-RG-WT,2700,476.91592592592593,418.0,473.7313331771347,1.8749556453255563,9717.722592592592,1.0
unit,connected,0.25,none,unit,CARE-DS,2700,495.3085185185185,431.0,483.39730264662046,1.6387440072207409,943.914074074074,1.0
unit,connected,0.25,none,unit,D-EAA-ER,2700,473.66703703703706,427.5,470.8293478459003,0.8874214177051887,755.7014814814814,1.0
unit,connected,0.25,none,unit,DWG,2700,447.8096296296296,392.0,465.88826987914035,0.7878774346503805,11695.172592592593,1.0
unit,connected,0.25,none,unit,MS-RG-WT,2700,437.0714814814815,384.0,457.64492466003543,1.8206832246692712,8375.732962962962,1.0
unit,connected,0.5,none,unit,CARE-DS,2700,486.61185185185184,421.0,480.01831940647503,1.7057629202629485,810.3459259259259,1.0
unit,connected,0.5,none,unit,D-EAA-ER,2700,470.02777777777777,423.5,469.36903755056096,0.8541310431022328,711.44,1.0
unit,connected,0.5,none,unit,DWG,2700,379.0662962962963,332.0,441.1910994028318,0.671248745081857,9878.552962962964,1.0
unit,connected,0.5,none,unit,MS-RG-WT,2700,392.0877777777778,347.0,440.5076192889274,1.703547428519999,6698.578148148148,1.0
unit,dominating,0.0,none,unit,CARE-DS,2700,562.4337037037037,523.5,296.5118087622211,0.8548006759511096,8135.127407407407,1.0
unit,dominating,0.0,none,unit,D-EAA-ER,2700,527.45,491.0,271.38255268839197,0.0712021039092628,791.4077777777778,1.0
unit,dominating,0.0,none,unit,DWG,2700,596.3011111111111,553.0,323.03639211756484,0.7333400077133234,15755.545925925926,1.0
unit,dominating,0.0,none,unit,MS-RG-WT,2700,558.7585185185185,518.0,298.7064731106518,0.46135364175593646,10374.73111111111,1.0
unit,dominating,0.1,none,unit,CARE-DS,2700,543.5470370370371,503.0,285.82502998892886,0.539282182222217,1246.46,1.0
unit,dominating,0.1,none,unit,D-EAA-ER,2700,518.71,483.0,267.61566697979777,0.07506219477369347,783.5262962962963,1.0
unit,dominating,0.1,none,unit,DWG,2700,539.4444444444445,502.0,290.84045826282374,0.6672751409051642,14231.585185185186,1.0
unit,dominating,0.1,none,unit,MS-RG-WT,2700,512.0085185185185,479.0,267.54655944100557,0.42229180666519167,10484.625185185185,1.0
unit,dominating,0.25,none,unit,CARE-DS,2700,537.1814814814815,497.0,282.22417774513536,0.4141056162544317,950.4944444444444,1.0
unit,dominating,0.25,none,unit,D-EAA-ER,2700,518.357037037037,483.0,267.32576941591543,0.0738577919722419,773.4948148148148,1.0
unit,dominating,0.25,none,unit,DWG,2700,477.8392592592593,445.0,255.45632095326064,0.5915341651177857,12618.05037037037,1.0
unit,dominating,0.25,none,unit,MS-RG-WT,2700,468.3088888888889,441.0,242.08747174174815,0.38483787303000017,8936.148888888889,1.0
unit,dominating,0.5,none,unit,CARE-DS,2700,528.9851851851852,489.5,277.737041416265,0.3451910161962945,808.694074074074,1.0
unit,dominating,0.5,none,unit,D-EAA-ER,2700,514.48,478.0,264.9636282826538,0.07254967651296645,730.8514814814815,1.0
unit,dominating,0.5,none,unit,DWG,2700,401.8003703703704,376.0,211.98911815699475,0.5015794020240835,10628.24111111111,1.0
unit,dominating,0.5,none,unit,MS-RG-WT,2700,419.91814814814813,397.0,214.00264626552607,0.3522202154103741,7088.416666666667,1.0
radio,connected,0.0,none,radio,CARE-DS,450,1144.98,1012.0,711.2157207070481,18.11497553177111,14970.493333333334,1.0
radio,connected,0.0,none,radio,D-EAA-ER,450,1073.0377777777778,940.5,698.7659283501976,4.553111260251103,2347.3533333333335,1.0
radio,connected,0.0,none,radio,DWG,450,1156.2088888888889,1011.0,738.9122993375794,4.311429482348908,45316.71111111111,1.0
radio,connected,0.0,none,radio,MS-RG-WT,450,1154.9266666666667,1032.0,723.9933531853525,7.6541196255044355,34693.193333333336,1.0
radio,connected,0.0001,none,radio,CARE-DS,450,1126.5311111111112,993.5,706.9030831472785,15.839178409066696,2645.511111111111,1.0
radio,connected,0.0001,none,radio,D-EAA-ER,450,1069.6022222222223,930.5,695.7631976229718,4.612686202279992,2337.342222222222,1.0
radio,connected,0.0001,none,radio,DWG,450,1028.0333333333333,906.5,623.1087170582211,3.758714949888888,40019.53111111111,1.0
radio,connected,0.0001,none,radio,MS-RG-WT,450,1057.331111111111,954.5,641.4256317948985,7.0092817153133256,30706.053333333333,1.0
radio,dominating,0.0,none,radio,CARE-DS,450,237.45555555555555,172.5,214.19970497293508,1.0452358816000116,1226.78,1.0
radio,dominating,0.0,none,radio,D-EAA-ER,450,100.41555555555556,79.0,94.55846627181147,0.045367922435578044,66.89333333333333,1.0
radio,dominating,0.0,none,radio,DWG,450,111.72666666666667,92.5,84.45822862855636,0.4963625678555743,2569.6755555555555,1.0
radio,dominating,0.0,none,radio,EAA-static,450,160.77333333333334,128.5,136.89118205286536,0.13739635616666618,139.96444444444444,1.0
radio,dominating,0.0,none,radio,EAAS-S4C-MAB-R,450,178.20444444444445,136.0,150.87970097824737,0.3470495224199991,6388.811111111111,1.0
radio,dominating,0.0,none,radio,FSS-2026-R,450,168.86222222222221,133.0,132.96644131587817,0.6636823035533346,140.64222222222222,1.0
radio,dominating,0.0,none,radio,MS-RG-WT,450,226.3311111111111,160.0,212.04503064451754,0.4171045752799748,2059.213333333333,1.0
radio,dominating,0.0,none,radio,PBIG-R,450,169.44,130.5,140.45161710827549,0.7004726488355502,141.18444444444444,1.0
radio,dominating,0.0001,none,radio,CARE-DS,450,235.82444444444445,180.0,210.20795266950202,0.7993025094755447,231.12,1.0
radio,dominating,0.0001,none,radio,D-EAA-ER,450,100.04222222222222,78.0,95.65288719120228,0.04389893216223548,65.10888888888888,1.0
radio,dominating,0.0001,none,radio,DWG,450,108.86444444444444,91.5,81.69439945462547,0.4293154471777557,2498.148888888889,1.0
radio,dominating,0.0001,none,radio,MS-RG-WT,450,222.00666666666666,168.5,204.18453693287952,0.43322338709333963,1972.3533333333332,1.0
failures,connected,0.25,none,unit,CARE-DS,450,443.06444444444446,413.5,272.40547340336957,2.7661854191622397,1346.2533333333333,1.0
failures,connected,0.25,none,unit,D-EAA-ER,450,421.1711111111111,400.0,249.0422984638401,1.559747271951134,1045.3133333333333,1.0
failures,connected,0.25,none,unit,DWG,450,405.7133333333333,376.5,254.1020086097511,1.1963935049688634,15592.92,1.0
failures,connected,0.25,none,unit,MS-RG-WT,450,394.8311111111111,371.5,239.40250962231363,3.1825499183288977,11054.222222222223,1.0
failures,connected,0.25,random,unit,CARE-DS,450,425.2733333333333,388.5,262.7274425842487,3.0290940274999674,1268.9266666666667,1.0
failures,connected,0.25,random,unit,D-EAA-ER,450,406.14222222222224,384.5,240.41277095962494,1.6846009158577222,1024.0311111111112,1.0
failures,connected,0.25,random,unit,DWG,450,387.28,356.0,244.53504228276088,1.120638754475557,14605.926666666666,1.0
failures,connected,0.25,random,unit,MS-RG-WT,450,377.40444444444444,352.5,230.4176047657678,3.5642872367777736,10382.15111111111,1.0
failures,connected,0.25,targeted,unit,CARE-DS,450,491.00888888888886,439.5,247.2940864172381,3.355174722375527,1480.6888888888889,1.0
failures,connected,0.25,targeted,unit,D-EAA-ER,450,470.68888888888887,448.5,226.54793169461985,1.9803011430489055,1188.5533333333333,1.0
failures,connected,0.25,targeted,unit,DWG,450,449.59555555555556,405.0,230.95798551147132,1.2552706323000025,17000.117777777778,1.0
failures,connected,0.25,targeted,unit,MS-RG-WT,450,436.4866666666667,397.5,215.04424582273745,3.884813535368879,12023.257777777777,1.0
failures,dominating,0.25,none,unit,CARE-DS,450,503.6688888888889,484.5,272.14625663191237,0.6269178909511053,1322.7888888888888,1.0
failures,dominating,0.25,none,unit,D-EAA-ER,450,485.3488888888889,459.5,257.25226249302983,0.10811796950666268,1058.8822222222223,1.0
failures,dominating,0.25,none,unit,DWG,450,452.5311111111111,432.0,252.8669996656756,0.9064440947355453,16736.931111111113,1.0
failures,dominating,0.25,none,unit,EAAS-S4C-MAB-R,450,314.0888888888889,285.5,181.29885529684833,0.2947260082177632,13480.355555555556,1.0
failures,dominating,0.25,none,unit,MS-RG-WT,450,443.52666666666664,426.0,238.0288961702481,0.5746517464244223,11701.466666666667,1.0
failures,dominating,0.25,random,unit,CARE-DS,450,486.6377777777778,456.0,264.0100556471311,0.623481984471099,1275.4044444444444,1.0
failures,dominating,0.25,random,unit,D-EAA-ER,450,471.8177777777778,448.0,248.57146000701147,0.10596172869330374,1074.8022222222223,1.0
failures,dominating,0.25,random,unit,DWG,450,434.1511111111111,406.0,243.65237625628225,0.8539292211044509,15768.882222222222,1.0
failures,dominating,0.25,random,unit,EAAS-S4C-MAB-R,450,178.3088888888889,134.5,142.39494673696717,0.15562720087777454,5155.222222222223,1.0
failures,dominating,0.25,random,unit,MS-RG-WT,450,425.62666666666667,402.5,230.0768985421215,0.5828913286333449,11201.31111111111,1.0
failures,dominating,0.25,targeted,unit,CARE-DS,450,571.2088888888889,540.0,248.17286150150485,0.6661513441177622,1453.1533333333334,1.0
failures,dominating,0.25,targeted,unit,D-EAA-ER,450,553.2955555555556,523.0,236.52517766275747,0.12320464583107923,1169.8444444444444,1.0
failures,dominating,0.25,targeted,unit,DWG,450,510.6977777777778,466.0,222.65917155276853,0.9920284275000146,18122.586666666666,1.0
failures,dominating,0.25,targeted,unit,EAAS-S4C-MAB-R,450,193.11555555555555,156.0,144.44983555317324,0.16705676934890004,6077.771111111111,1.0
failures,dominating,0.25,targeted,unit,MS-RG-WT,450,500.4555555555556,458.0,209.74003216789265,0.6489865834844164,12595.691111111111,1.0
ablation,connected,0.1,none,unit,CARE-DS,450,568.9155555555556,468.5,976.661089489005,2.334904886828873,1447.5133333333333,1.0
ablation,connected,0.1,none,unit,CARE-noreserve,450,563.2155555555555,462.0,976.1034896334684,2.4649060301777737,1714.8955555555556,1.0
ablation,connected,0.1,none,unit,CARE-noswitch,450,567.7333333333333,459.0,976.3563462804191,2.4830875406799957,4080.6511111111113,1.0
ablation,connected,0.25,none,unit,CARE-DS,450,563.4222222222222,464.0,976.0797844477279,2.2440757642733176,1084.2022222222222,1.0
ablation,connected,0.25,none,unit,CARE-noreserve,450,556.1711111111111,454.0,975.038988226747,2.336080545382204,1068.3333333333333,1.0
ablation,connected,0.25,none,unit,CARE-noswitch,450,558.5555555555555,452.5,974.7637108586524,2.439290863279938,3651.366666666667,1.0
ablation,connected,0.5,none,unit,CARE-DS,450,554.4666666666667,453.0,974.509607700773,2.1128816604955967,939.7377777777778,1.0
ablation,connected,0.5,none,unit,CARE-noreserve,450,544.1222222222223,449.0,973.0024987295907,2.1509062977532953,848.3911111111111,1.0
ablation,connected,0.5,none,unit,CARE-noswitch,450,546.7422222222223,439.0,973.2046666337111,2.415957566293348,3080.217777777778,1.0
ablation,dominating,0.1,none,unit,CARE-DS,450,563.0422222222222,528.0,295.4918748493009,0.6971190622333274,1432.111111111111,1.0
ablation,dominating,0.1,none,unit,CARE-noreserve,450,554.84,513.5,291.7865195766961,0.5724434006488769,1778.348888888889,1.0
ablation,dominating,0.1,none,unit,CARE-noswitch,450,562.0333333333333,527.0,292.7548686876304,0.9946829409733315,3913.242222222222,1.0
ablation,dominating,0.25,none,unit,CARE-DS,450,555.66,523.5,291.36156438808575,0.55738040941557,1094.62,1.0
ablation,dominating,0.25,none,unit,CARE-noreserve,450,549.0933333333334,524.0,287.64545300937925,0.48774401232222464,1103.7844444444445,1.0
ablation,dominating,0.25,none,unit,CARE-noswitch,450,552.58,518.0,286.2961913402735,0.9766907336644403,3468.7155555555555,1.0
ablation,dominating,0.5,none,unit,CARE-DS,450,548.7644444444444,512.5,288.1654399507074,0.4756881508688659,942.6822222222222,1.0
ablation,dominating,0.5,none,unit,CARE-noreserve,450,539.4066666666666,509.5,282.337098823264,0.4592577391311311,877.5977777777778,1.0
ablation,dominating,0.5,none,unit,CARE-noswitch,450,541.8133333333334,515.0,281.4636352986753,0.9391322398000254,2867.7933333333335,1.0
