mode,switch_cost,algorithm,instances,finite_bound_instances,mean_utilization,median_utilization,mean_finite_upper_bound
connected,0.0,CARE-DS,2700,2699,0.7045855040358773,0.71280276816609,715.2185994812894
connected,0.0,D-EAA-ER,2700,2699,0.6697954018396789,0.6743362831858407,715.2185994812894
connected,0.0,DWG,2700,2699,0.7460667390460994,0.7699115044247787,715.2185994812894
connected,0.0,MS-RG-WT,2700,2699,0.7024917237751002,0.7100248550124275,715.2185994812894
connected,0.1,CARE-DS,2700,2699,0.6840101460021172,0.6900114810562572,715.2185994812894
connected,0.1,D-EAA-ER,2700,2699,0.6581856263064756,0.660377358490566,715.2185994812894
connected,0.1,DWG,2700,2699,0.6795832757220825,0.697594501718213,715.2185994812894
connected,0.1,MS-RG-WT,2700,2699,0.6537796806725676,0.6603448275862069,715.2185994812894
connected,0.25,CARE-DS,2700,2699,0.677613857454579,0.6804635761589404,715.2185994812894
connected,0.25,D-EAA-ER,2700,2699,0.6577851923098214,0.6605995717344754,715.2185994812894
connected,0.25,DWG,2700,2699,0.608689059312058,0.6230366492146597,715.2185994812894
connected,0.25,MS-RG-WT,2700,2699,0.6039232287023782,0.610236220472441,715.2185994812894
connected,0.5,CARE-DS,2700,2699,0.6680164201316177,0.6702862783810464,715.2185994812894
connected,0.5,D-EAA-ER,2700,2699,0.6537225519346905,0.655980271270037,715.2185994812894
connected,0.5,DWG,2700,2699,0.52081982566889,0.5309278350515464,715.2185994812894
connected,0.5,MS-RG-WT,2700,2699,0.548277570055409,0.5496417604912999,715.2185994812894
dominating,0.0,CARE-DS,2700,2700,0.869927645900685,0.8987774092956491,702.1418518518518
dominating,0.0,D-EAA-ER,2700,2700,0.8314230400166126,0.8353661487827307,702.1418518518518
dominating,0.0,DWG,2700,2700,0.9050359021889911,0.9463396361622775,702.1418518518518
dominating,0.0,MS-RG-WT,2700,2700,0.8615503603444693,0.8714389130192672,702.1418518518518
dominating,0.1,CARE-DS,2700,2700,0.8446027047728057,0.8582247673586256,702.1418518518518
dominating,0.1,D-EAA-ER,2700,2700,0.8172288121551259,0.8194546393714488,702.1418518518518
dominating,0.1,DWG,2700,2700,0.8210827019242738,0.8624733219565208,702.1418518518518
dominating,0.1,MS-RG-WT,2700,2700,0.7965132087394987,0.8117858471146658,702.1418518518518
dominating,0.25,CARE-DS,2700,2700,0.8367098792718795,0.8402037351443123,702.1418518518518
dominating,0.25,D-EAA-ER,2700,2700,0.8168863371869974,0.8180618853442072,702.1418518518518
dominating,0.25,DWG,2700,2700,0.730692752543436,0.7663775079778454,702.1418518518518
dominating,0.25,MS-RG-WT,2700,2700,0.7329126457062849,0.7484604767213463,702.1418518518518
dominating,0.5,CARE-DS,2700,2700,0.8267614381236672,0.8227055200189528,702.1418518518518
dominating,0.5,D-EAA-ER,2700,2700,0.8122701257179209,0.8108108108108109,702.1418518518518
dominating,0.5,DWG,2700,2700,0.6189217741315202,0.6481946770891495,702.1418518518518
dominating,0.5,MS-RG-WT,2700,2700,0.6622918723447123,0.6713308822570763,702.1418518518518
